Author,Date,Reactions
nodja,2022-02-02T00:22:28.6840000+00:00,91
anumess,2022-02-09T11:04:29.4740000+00:00,269
anumess,2022-03-31T15:26:02.0530000+00:00,0
anumess,2022-03-31T15:26:14.6350000+00:00,72
anumess,2022-03-31T15:27:38.3550000+00:00,15
nodja,2022-03-31T15:36:25.7470000+00:00,71
anumess,2022-04-08T22:02:38.8950000+00:00,95
joseph_anderson_,2022-04-08T22:33:07.1510000+00:00,0
anumess,2022-04-08T22:35:45.7750000+00:00,0
anumess,2022-04-08T22:35:49.0280000+00:00,99
anumess,2022-04-08T22:35:54.8600000+00:00,0
maddisonbaek,2022-04-14T18:04:58.1660000+00:00,111
zerstorenhv,2022-04-14T19:36:54.0850000+00:00,94
marikbentusi,2022-04-14T20:30:41.7230000+00:00,65
anumess,2022-04-14T20:32:46.2010000+00:00,84
runeh42,2022-04-20T19:36:57.4100000+00:00,59
marikbentusi,2022-04-20T20:13:31.5370000+00:00,118
nodja,2022-04-20T22:24:26.1280000+00:00,184
maddisonbaek,2022-04-21T18:08:15.4960000+00:00,170
runeh42,2022-04-21T21:36:00.4960000+00:00,80
anumess,2022-04-21T21:37:15.4590000+00:00,12
toxelle,2022-04-22T04:51:35.2320000+00:00,131
anumess,2022-04-22T05:21:07.2330000+00:00,155
anumess,2022-04-22T05:21:15.1230000+00:00,0
franzkafkaffee,2022-04-22T17:15:06.2070000+00:00,190
runeh42,2022-04-23T14:19:07.2410000+00:00,123
marikbentusi,2022-04-24T09:20:33.5820000+00:00,262
joseph_anderson_,2022-04-24T16:50:39.5360000+00:00,148
nodja,2022-04-25T12:01:38.7090000+00:00,127
runeh42,2022-04-25T20:11:59.2800000+00:00,99
silverhertz,2022-04-25T21:25:11.9070000+00:00,168
capsador,2022-04-26T07:37:19.6220000+00:00,94
maddisonbaek,2022-04-26T15:47:36.7870000+00:00,121
maddisonbaek,2022-04-26T17:57:40.5000000+00:00,45
jelly386,2022-04-26T18:43:48.7690000+00:00,138
jelly386,2022-04-26T19:26:17.1650000+00:00,48
anumess,2022-04-27T19:59:33.8880000+00:00,244
franzkafkaffee,2022-04-28T08:42:08.1390000+00:00,124
jelly386,2022-04-28T15:49:36.5250000+00:00,80
anumess,2022-04-28T18:38:09.0420000+00:00,0
anumess,2022-04-28T18:38:10.7430000+00:00,67
backseatstreams,2022-04-29T12:10:04.7830000+00:00,208
anumess,2022-05-01T01:38:01.8690000+00:00,127
jelly386,2022-05-10T04:06:11.9630000+00:00,124
silverhertz,2022-05-10T18:50:56.5220000+00:00,77
anumess,2022-05-10T19:52:24.2170000+00:00,0
anumess,2022-05-10T19:52:25.4890000+00:00,110
franzkafkaffee,2022-05-11T05:22:21.2760000+00:00,81
jelly386,2022-05-11T06:04:13.1610000+00:00,127
marikbentusi,2022-05-12T19:54:29.3800000+00:00,305
nodja,2022-05-12T20:10:40.9940000+00:00,20
wuggynaut,2022-05-12T20:19:26.4060000+00:00,30
zorgrox,2022-05-13T01:43:23.8860000+00:00,191
anumess,2022-05-13T17:51:09.0270000+00:00,1
anumess,2022-05-13T17:51:13.7320000+00:00,0
anumess,2022-05-13T17:51:15.6080000+00:00,186
kusoro,2022-05-13T18:49:42.6360000+00:00,125
zorgrox,2022-05-14T14:37:07.0000000+00:00,182
marikbentusi,2022-05-14T15:51:57.3110000+00:00,54
franzkafkaffee,2022-05-14T16:48:25.3270000+00:00,118
silverhertz,2022-05-14T17:19:30.9300000+00:00,168
jelly386,2022-05-15T11:44:59.4550000+00:00,236
jelly386,2022-05-15T11:46:16.7530000+00:00,0
anumess,2022-05-16T00:20:42.7080000+00:00,0
anumess,2022-05-16T00:20:46.9880000+00:00,56
anumess,2022-05-16T00:20:49.4500000+00:00,0
shvabra,2022-05-16T13:48:28.1520000+00:00,66
shvabra,2022-05-16T13:48:52.5150000+00:00,49
joseph_anderson_,2022-05-16T14:19:41.7980000+00:00,79
toxelle,2022-05-16T20:10:45.3730000+00:00,466
joseph_anderson_,2022-05-16T20:57:48.2400000+00:00,162
kusoro,2022-05-16T22:44:43.8980000+00:00,290
silverhertz,2022-05-18T19:24:14.8270000+00:00,216
capsador,2022-05-19T15:07:45.3540000+00:00,58
kaylio64,2022-05-24T14:01:24.1340000+00:00,247
kaylio64,2022-05-24T14:05:26.8620000+00:00,58
kaylio64,2022-05-24T14:05:56.6600000+00:00,0
kaylio64,2022-05-24T20:07:09.0980000+00:00,89
kaylio64,2022-05-24T22:18:44.2650000+00:00,0
kaylio64,2022-05-24T22:19:21.9120000+00:00,182
kaylio64,2022-05-24T22:19:35.9860000+00:00,0
kaylio64,2022-05-25T16:50:30.4030000+00:00,183
zerstorenhv,2022-05-26T21:24:36.9940000+00:00,157
jelly386,2022-05-27T18:20:04.9730000+00:00,181
kaylio64,2022-06-01T11:04:53.2220000+00:00,61
anumess,2022-06-02T17:22:41.2300000+00:00,0
anumess,2022-06-02T17:22:42.5990000+00:00,167
jelly386,2022-06-02T19:34:33.5110000+00:00,64
jelly386,2022-06-02T19:36:48.6200000+00:00,60
kaylio64,2022-06-02T23:34:59.7170000+00:00,65
marikbentusi,2022-06-02T23:35:55.9200000+00:00,75
marikbentusi,2022-06-02T23:37:45.5580000+00:00,105
joseph_anderson_,2022-06-03T00:03:19.3580000+00:00,205
zerstorenhv,2022-06-03T02:08:02.2580000+00:00,118
franzkafkaffee,2022-06-06T14:42:44.6990000+00:00,47
vixit_art,2022-06-06T16:22:49.4020000+00:00,92
shvabra,2022-06-06T16:57:09.3800000+00:00,286
maddisonbaek,2022-06-06T18:23:47.0990000+00:00,109
jelly386,2022-06-06T18:26:48.0310000+00:00,100
jelly386,2022-06-06T18:32:36.3530000+00:00,44
vixit_art,2022-06-06T19:44:20.5570000+00:00,42
marikbentusi,2022-06-06T21:21:00.7060000+00:00,187
marikbentusi,2022-06-06T21:21:18.9350000+00:00,108
maddisonbaek,2022-06-07T12:51:18.7820000+00:00,40
jelly386,2022-06-07T19:10:55.3400000+00:00,39
toxelle,2022-06-07T20:31:40.1650000+00:00,75
marikbentusi,2022-06-07T20:46:30.4180000+00:00,170
kaylio64,2022-06-08T15:18:28.3850000+00:00,123
kaylio64,2022-06-08T15:20:11.0880000+00:00,0
kaylio64,2022-06-08T15:32:28.5490000+00:00,0
hypotheticalwalrus,2022-06-08T16:22:07.4360000+00:00,110
constantineishere,2022-06-08T16:23:20.8790000+00:00,33
maddisonbaek,2022-06-08T16:38:31.7740000+00:00,76
jelly386,2022-06-08T19:30:01.4460000+00:00,52
zerstorenhv,2022-06-09T03:01:58.1220000+00:00,124
ohnoitspanda,2022-06-09T10:47:17.1930000+00:00,40
nodja,2022-06-09T11:36:43.5440000+00:00,35
kaylio64,2022-06-10T13:44:20.8720000+00:00,78
falzar25,2022-06-10T14:41:32.2480000+00:00,42
kaylio64,2022-06-10T20:16:54.4860000+00:00,47
kaylio64,2022-06-10T20:54:25.9320000+00:00,155
jelly386,2022-06-13T17:46:58.5070000+00:00,59
marikbentusi,2022-06-13T21:18:27.2920000+00:00,93
kaylio64,2022-06-14T02:00:07.5880000+00:00,53
jelly386,2022-06-14T08:28:53.0860000+00:00,157
vixit_art,2022-06-14T08:31:35.5750000+00:00,117
joseph_anderson_,2022-06-14T16:07:47.6590000+00:00,109
samandunintellectual,2022-06-14T20:14:14.9410000+00:00,116
marikbentusi,2022-06-14T20:14:33.2580000+00:00,126
nodja,2022-06-14T22:15:59.9230000+00:00,120
hypotheticalwalrus,2022-06-14T23:26:25.8080000+00:00,105
paddele,2022-06-15T09:40:56.0920000+00:00,67
jelly386,2022-06-15T23:39:48.1720000+00:00,200
kusoro,2022-06-16T00:42:22.3860000+00:00,0
samandunintellectual,2022-06-17T20:26:32.9420000+00:00,78
paddele,2022-06-18T06:16:50.0800000+00:00,107
silverhertz,2022-06-18T10:19:01.8180000+00:00,170
paddele,2022-06-18T15:11:11.4310000+00:00,91
vixit_art,2022-06-19T21:20:55.5370000+00:00,132
marikbentusi,2022-06-20T20:43:27.3730000+00:00,98
samandunintellectual,2022-06-21T15:09:21.7060000+00:00,45
samandunintellectual,2022-06-21T19:43:16.6320000+00:00,77
samandunintellectual,2022-06-22T21:02:34.9700000+00:00,185
jelly386,2022-06-23T14:18:00.0890000+00:00,359
jelly386,2022-06-23T17:39:08.9400000+00:00,164
kaylio64,2022-06-23T17:40:18.3380000+00:00,121
marikbentusi,2022-06-23T18:00:20.8570000+00:00,66
marikbentusi,2022-06-23T18:38:26.4140000+00:00,122
maddisonbaek,2022-06-23T19:46:37.0930000+00:00,81
kaylio64,2022-06-23T23:59:40.5790000+00:00,129
zerstorenhv,2022-06-24T05:15:25.7180000+00:00,148
anumess,2022-07-03T23:52:16.3370000+00:00,267
jelly386,2022-07-18T01:16:10.0760000+00:00,319
zerstorenhv,2022-07-31T17:41:33.1810000+00:00,101
nodja,2022-07-31T18:44:47.6420000+00:00,74
steeljester,2022-08-02T19:18:49.9810000+00:00,340
zerstorenhv,2022-08-03T07:15:17.1340000+00:00,76
zerstorenhv,2022-08-03T07:16:11.1150000+00:00,5
maddisonbaek,2022-08-03T09:15:27.5490000+00:00,156
steeljester,2022-08-03T16:13:47.7060000+00:00,228
steeljester,2022-08-03T16:16:20.2710000+00:00,488
kaylio64,2022-08-03T20:37:15.8050000+00:00,144
kaylio64,2022-08-03T20:38:39.6250000+00:00,40
paddele,2022-08-04T12:25:25.2130000+00:00,302
zerstorenhv,2022-08-05T06:20:08.2260000+00:00,135
kaylio64,2022-08-05T15:08:28.3220000+00:00,132
samandunintellectual,2022-08-05T16:16:02.0820000+00:00,199
paddele,2022-08-07T16:25:23.1530000+00:00,230
nodja,2022-08-08T15:12:01.5620000+00:00,605
steeljester,2022-08-09T19:03:42.5780000+00:00,164
paddele,2022-08-11T02:43:32.5870000+00:00,139
anumess,2022-08-11T15:19:04.2520000+00:00,150
hypotheticalwalrus,2022-08-11T19:15:23.8050000+00:00,181
jelly386,2022-08-12T04:50:53.2410000+00:00,139
anumess,2022-08-12T09:04:35.2300000+00:00,117
kaylio64,2022-08-15T01:29:09.9630000+00:00,512
maddisonbaek,2022-08-19T14:04:14.1820000+00:00,8
maddisonbaek,2022-08-19T14:04:15.6830000+00:00,496
freesimples,2022-08-19T15:20:57.6210000+00:00,38
anumess,2022-11-09T16:29:20.2480000+00:00,0
anumess,2022-11-09T16:29:26.9770000+00:00,74
anumess,2022-11-09T16:29:39.6980000+00:00,102
zerstorenhv,2022-11-10T00:15:50.6350000+00:00,102
kaylio64,2022-11-10T00:19:43.6630000+00:00,89
samandunintellectual,2022-11-11T22:43:30.4310000+00:00,145
silverhertz,2022-11-12T01:02:08.8670000+00:00,124
anumess,2022-11-13T16:26:59.4310000+00:00,111
vixit_art,2022-11-14T22:46:55.3080000+00:00,291
jelly386,2022-11-15T11:56:07.2420000+00:00,85
vixit_art,2022-11-16T04:47:22.0000000+00:00,177
anumess,2022-11-17T19:07:06.5970000+00:00,245
samandunintellectual,2022-11-17T20:11:47.7260000+00:00,69
zerstorenhv,2022-11-18T08:16:08.9220000+00:00,139
jelly386,2022-11-20T18:45:56.8250000+00:00,98
jelly386,2022-11-20T18:46:29.7060000+00:00,16
anumess,2022-11-21T10:10:14.8280000+00:00,153
hypotheticalwalrus,2022-12-08T23:29:17.3160000+00:00,132
steeljester,2022-12-09T01:36:01.8370000+00:00,143
steeljester,2022-12-09T01:36:18.4970000+00:00,71
anumess,2022-12-15T18:02:23.7360000+00:00,185
jelly386,2022-12-15T20:22:20.2680000+00:00,129
nodja,2022-12-15T20:29:25.4460000+00:00,98
samandunintellectual,2022-12-15T21:10:16.9420000+00:00,49
jelly386,2022-12-15T21:46:46.2700000+00:00,88
kaylio64,2022-12-16T16:23:51.4540000+00:00,280
anumess,2022-12-16T16:27:02.4250000+00:00,9
samandunintellectual,2022-12-16T22:03:43.6190000+00:00,70
anumess,2022-12-16T22:16:25.0870000+00:00,54
kaylio64,2022-12-17T19:20:08.8150000+00:00,39
maddisonbaek,2022-12-17T19:21:47.9300000+00:00,111
samandunintellectual,2022-12-17T22:28:48.9560000+00:00,82
kaylio64,2022-12-18T18:24:19.7560000+00:00,187
kaylio64,2022-12-18T18:26:40.1360000+00:00,21
samandunintellectual,2022-12-18T21:15:06.0300000+00:00,77
anumess,2022-12-18T23:00:28.3740000+00:00,91
anumess,2022-12-18T23:33:43.7880000+00:00,287
kaylio64,2022-12-18T23:54:50.5960000+00:00,149
samandunintellectual,2022-12-19T22:36:06.1030000+00:00,162
kaylio64,2022-12-20T20:56:59.1190000+00:00,223
anumess,2022-12-22T20:04:57.7360000+00:00,159
anumess,2022-12-22T20:05:57.2290000+00:00,0
samandunintellectual,2022-12-22T20:36:14.2210000+00:00,54
kaylio64,2022-12-23T14:33:21.9310000+00:00,115
kaylio64,2022-12-23T14:34:02.1830000+00:00,60
samandunintellectual,2022-12-23T23:18:43.4280000+00:00,71
kaylio64,2022-12-24T00:59:59.3010000+00:00,352
kaylio64,2022-12-24T01:00:55.2510000+00:00,7
jelly386,2022-12-24T21:37:37.7240000+00:00,71
steeljester,2022-12-24T21:51:42.7700000+00:00,192
maqhem,2022-12-30T13:04:08.9500000+00:00,26
anumess,2023-01-03T00:17:12.1340000+00:00,244
jelly386,2023-01-03T21:23:28.7850000+00:00,49
samandunintellectual,2023-01-03T22:47:59.4690000+00:00,49
chrome_dollar,2023-01-04T23:50:09.3320000+00:00,253
kaylio64,2023-01-10T13:31:16.0550000+00:00,148
steeljester,2023-01-10T19:06:58.5730000+00:00,255
steeljester,2023-01-10T19:07:16.4400000+00:00,74
jelly386,2023-01-10T20:21:30.4520000+00:00,67
jelly386,2023-01-10T20:46:52.1760000+00:00,49
kaylio64,2023-01-11T14:34:30.3790000+00:00,79
kaylio64,2023-01-11T15:23:58.1190000+00:00,29
kaylio64,2023-01-11T15:25:31.8590000+00:00,7
steeljester,2023-01-11T17:22:25.1590000+00:00,205
freesimples,2023-01-11T18:32:09.7870000+00:00,108
maqhem,2023-01-12T06:27:37.4100000+00:00,100
samandunintellectual,2023-01-12T07:56:08.1570000+00:00,39
kaylio64,2023-01-12T14:39:09.8650000+00:00,91
samandunintellectual,2023-01-12T20:30:05.0100000+00:00,104
chrome_dollar,2023-01-13T13:10:27.7940000+00:00,243
zerstorenhv,2023-01-13T16:31:53.5630000+00:00,154
chrome_dollar,2023-01-13T21:10:53.6820000+00:00,176
chrome_dollar,2023-01-13T22:36:18.3410000+00:00,56
samandunintellectual,2023-01-14T13:39:23.0860000+00:00,69
chrome_dollar,2023-01-14T17:52:20.1100000+00:00,102
chrome_dollar,2023-01-14T22:24:12.9480000+00:00,140
franzkafkaffee,2023-01-16T13:31:05.8860000+00:00,133
franzkafkaffee,2023-01-16T13:31:25.8100000+00:00,0
franzkafkaffee,2023-01-16T13:31:56.3690000+00:00,0
franzkafkaffee,2023-01-16T13:32:10.2530000+00:00,0
franzkafkaffee,2023-01-16T13:34:17.9050000+00:00,33
kaylio64,2023-01-16T18:08:46.9350000+00:00,50
kaylio64,2023-01-17T16:56:08.9760000+00:00,74
anumess,2023-01-17T22:34:50.2650000+00:00,122
anumess,2023-01-17T22:38:11.7360000+00:00,62
chrome_dollar,2023-01-17T23:11:33.3880000+00:00,95
samandunintellectual,2023-01-17T23:50:58.4820000+00:00,41
zerstorenhv,2023-01-18T03:52:26.0600000+00:00,120
jelly386,2023-01-18T06:03:41.8450000+00:00,167
jelly386,2023-01-18T06:42:39.9390000+00:00,23
jelly386,2023-01-18T07:00:40.8520000+00:00,306
samandunintellectual,2023-01-18T23:09:35.1640000+00:00,50
jelly386,2023-01-19T05:22:20.0530000+00:00,116
kaylio64,2023-01-19T15:45:55.8820000+00:00,101
samandunintellectual,2023-01-19T21:15:17.6920000+00:00,41
jelly386,2023-01-19T22:45:21.0110000+00:00,93
zerstorenhv,2023-01-19T22:59:07.1700000+00:00,97
vixit_art,2023-01-20T01:58:21.5850000+00:00,240
jelly386,2023-01-20T04:52:02.7820000+00:00,219
samandunintellectual,2023-01-20T18:31:38.5930000+00:00,121
samandunintellectual,2023-01-20T23:05:38.8220000+00:00,44
franzkafkaffee,2023-01-21T19:12:35.0300000+00:00,94
jelly386,2023-01-24T06:51:58.6080000+00:00,101
jelly386,2023-01-24T07:11:22.7360000+00:00,38
samandunintellectual,2023-01-24T16:43:19.3650000+00:00,59
jelly386,2023-01-24T22:40:25.6540000+00:00,83
steeljester,2023-01-25T17:08:48.4030000+00:00,297
chrome_dollar,2023-01-26T03:31:14.2320000+00:00,287
chrome_dollar,2023-01-27T01:29:42.7540000+00:00,243
chrome_dollar,2023-01-30T02:01:44.6600000+00:00,165
chrome_dollar,2023-01-30T21:42:55.3690000+00:00,93
chrome_dollar,2023-01-30T23:13:12.8390000+00:00,25
steeljester,2023-01-31T02:38:42.6090000+00:00,178
chrome_dollar,2023-01-31T06:10:48.2200000+00:00,83
kaylio64,2023-01-31T15:41:05.8840000+00:00,75
kaylio64,2023-01-31T15:41:27.2030000+00:00,25
kaylio64,2023-01-31T15:42:32.8810000+00:00,21
steeljester,2023-01-31T16:41:10.6510000+00:00,0
steeljester,2023-01-31T16:41:12.7450000+00:00,215
steeljester,2023-01-31T16:41:22.5880000+00:00,0
joseph_anderson_,2023-01-31T16:44:20.4740000+00:00,107
kaylio64,2023-01-31T16:44:27.5740000+00:00,47
samandunintellectual,2023-01-31T20:54:59.7030000+00:00,106
steeljester,2023-01-31T21:35:01.6120000+00:00,0
steeljester,2023-01-31T21:35:03.3590000+00:00,640
steeljester,2023-01-31T21:35:09.8760000+00:00,0
kaylio64,2023-01-31T21:41:49.1970000+00:00,136
chrome_dollar,2023-02-01T08:41:58.6250000+00:00,67
anumess,2023-02-01T14:10:46.7050000+00:00,114
kaylio64,2023-02-01T16:12:58.1500000+00:00,260
zerstorenhv,2023-02-01T16:52:35.5020000+00:00,55
kaylio64,2023-02-01T21:15:58.3610000+00:00,96
zerstorenhv,2023-02-02T02:44:02.8670000+00:00,99
samandunintellectual,2023-02-02T07:55:13.2550000+00:00,101
maddisonbaek,2023-02-02T08:02:10.0590000+00:00,160
maddisonbaek,2023-02-02T14:41:32.2590000+00:00,143
jelly386,2023-02-02T15:31:25.8540000+00:00,100
maddisonbaek,2023-02-02T15:37:11.1230000+00:00,175
maddisonbaek,2023-02-02T18:25:20.6420000+00:00,37
maddisonbaek,2023-02-02T18:28:43.7930000+00:00,93
steeljester,2023-02-02T22:41:36.1260000+00:00,135
samandunintellectual,2023-02-02T23:13:44.2340000+00:00,124
nodja,2023-02-02T23:42:19.0720000+00:00,71
anumess,2023-02-03T05:43:35.8590000+00:00,39
gote27,2023-02-03T05:55:16.8390000+00:00,211
maddisonbaek,2023-02-03T07:37:42.1040000+00:00,107
maddisonbaek,2023-02-03T08:33:04.5820000+00:00,0
maddisonbaek,2023-02-03T08:41:15.8070000+00:00,173
draana,2023-02-03T18:15:16.7890000+00:00,159
chrome_dollar,2023-02-03T20:58:13.5030000+00:00,225
samandunintellectual,2023-02-03T22:41:28.0220000+00:00,53
maddisonbaek,2023-02-04T16:21:13.4820000+00:00,215
maddisonbaek,2023-02-04T16:21:26.7240000+00:00,0
maddisonbaek,2023-02-04T16:32:51.6350000+00:00,66
chrome_dollar,2023-02-04T18:14:44.4840000+00:00,63
maddisonbaek,2023-02-04T19:53:18.6230000+00:00,136
kaylio64,2023-02-04T19:55:07.6480000+00:00,17
kaylio64,2023-02-06T12:31:59.3070000+00:00,97
kaylio64,2023-02-06T12:48:49.5750000+00:00,113
maddisonbaek,2023-02-07T05:38:36.0530000+00:00,72
falzar25,2023-02-07T16:20:13.9570000+00:00,14
nodja,2023-02-08T05:37:00.5360000+00:00,62
nodja,2023-02-08T05:37:38.0600000+00:00,10
nodja,2023-02-08T05:39:27.4970000+00:00,14
nodja,2023-02-08T05:40:08.7760000+00:00,41
jelly386,2023-02-08T09:26:25.8490000+00:00,28
nodja,2023-02-08T11:08:41.0630000+00:00,31
kaylio64,2023-02-08T17:43:48.9840000+00:00,2
nodja,2023-02-08T17:59:00.6480000+00:00,80
zerstorenhv,2023-02-09T05:00:28.7020000+00:00,72
chrome_dollar,2023-02-09T22:59:33.2240000+00:00,50
chrome_dollar,2023-02-09T22:59:48.4040000+00:00,12
chrome_dollar,2023-02-09T23:00:08.4030000+00:00,0
samandunintellectual,2023-02-09T23:15:31.6380000+00:00,87
kaylio64,2023-02-10T17:17:11.3040000+00:00,84
zerstorenhv,2023-02-10T17:17:54.0720000+00:00,54
franzkafkaffee,2023-02-10T17:49:35.6230000+00:00,47
freesimples,2023-02-11T00:10:00.6230000+00:00,50
freesimples,2023-02-11T00:10:30.5980000+00:00,156
samandunintellectual,2023-02-11T19:36:03.4560000+00:00,24
franzkafkaffee,2023-02-12T03:25:51.6320000+00:00,51
franzkafkaffee,2023-02-12T03:26:10.7420000+00:00,0
kaylio64,2023-02-12T13:57:46.3150000+00:00,141
zerstorenhv,2023-02-14T03:59:28.5410000+00:00,33
jelly386,2023-02-14T09:56:43.7290000+00:00,95
franzkafkaffee,2023-02-14T11:19:51.9930000+00:00,60
kaylio64,2023-02-14T15:17:31.8000000+00:00,30
zerstorenhv,2023-02-14T15:28:28.3450000+00:00,107
samandunintellectual,2023-02-14T23:57:28.3940000+00:00,54
jeremiah2263,2023-02-15T14:49:35.4160000+00:00,0
jelly386,2023-02-15T15:04:21.7870000+00:00,21
kaylio64,2023-02-15T16:44:25.4700000+00:00,21
kaylio64,2023-02-15T16:49:39.9840000+00:00,19
kaylio64,2023-02-15T16:51:22.2870000+00:00,68
kaylio64,2023-02-15T17:18:42.0750000+00:00,29
kaylio64,2023-02-15T17:44:28.1120000+00:00,19
marikbentusi,2023-02-15T17:46:28.9760000+00:00,136
marikbentusi,2023-02-15T18:47:10.5330000+00:00,165
chrome_dollar,2023-02-16T15:04:02.0370000+00:00,65
chrome_dollar,2023-02-16T15:04:16.6900000+00:00,49
kaylio64,2023-02-16T15:07:11.3590000+00:00,34
chrome_dollar,2023-02-16T15:07:22.1190000+00:00,23
chrome_dollar,2023-02-16T15:39:49.0750000+00:00,65
samandunintellectual,2023-02-16T16:37:09.5070000+00:00,50
marikbentusi,2023-02-16T17:14:51.2900000+00:00,156
kaylio64,2023-02-16T18:12:12.7350000+00:00,45
kaylio64,2023-02-16T18:19:22.0820000+00:00,41
kaylio64,2023-02-16T18:32:14.8310000+00:00,44
kaylio64,2023-02-16T18:55:49.3580000+00:00,90
chrome_dollar,2023-02-16T21:54:44.3970000+00:00,182
chrome_dollar,2023-02-17T01:58:07.7150000+00:00,73
chrome_dollar,2023-02-17T14:27:25.4970000+00:00,43
chrome_dollar,2023-02-17T14:27:30.2870000+00:00,59
kaylio64,2023-02-17T15:17:31.5960000+00:00,54
marikbentusi,2023-02-17T16:02:16.5350000+00:00,87
kaylio64,2023-02-17T16:58:33.3970000+00:00,18
kaylio64,2023-02-17T17:06:04.1400000+00:00,34
kaylio64,2023-02-17T17:06:28.3670000+00:00,32
kaylio64,2023-02-17T17:54:56.6620000+00:00,100
jelly386,2023-02-17T22:46:19.7200000+00:00,61
samandunintellectual,2023-02-18T11:24:29.0630000+00:00,48
kaylio64,2023-02-18T15:35:26.8610000+00:00,18
kaylio64,2023-02-18T15:43:02.7110000+00:00,68
kaylio64,2023-02-18T15:52:40.6170000+00:00,8
kaylio64,2023-02-18T16:00:17.0370000+00:00,59
kaylio64,2023-02-18T16:08:04.1060000+00:00,94
silverhertz,2023-02-18T16:18:06.7150000+00:00,58
kaylio64,2023-02-18T20:43:18.8310000+00:00,21
kaylio64,2023-02-18T20:51:51.8250000+00:00,123
kaylio64,2023-02-19T20:59:02.9080000+00:00,51
zerstorenhv,2023-02-21T10:14:25.0620000+00:00,61
kaylio64,2023-02-21T11:20:42.6670000+00:00,118
kaylio64,2023-02-21T13:00:08.5130000+00:00,97
kaylio64,2023-02-21T17:08:03.9420000+00:00,28
anumess,2023-02-22T00:09:02.7080000+00:00,224
zerstorenhv,2023-02-22T06:02:42.5400000+00:00,159
samandunintellectual,2023-02-22T15:52:43.0760000+00:00,38
kaylio64,2023-02-22T16:07:53.9000000+00:00,25
kaylio64,2023-02-22T17:00:34.7630000+00:00,163
marikbentusi,2023-02-23T14:15:39.4090000+00:00,207
anumess,2023-02-23T21:37:27.0840000+00:00,69
anumess,2023-02-23T21:39:22.4490000+00:00,16
marikbentusi,2023-02-24T16:56:29.3720000+00:00,589
kaylio64,2023-02-24T18:23:27.8800000+00:00,68
samandunintellectual,2023-02-26T20:26:59.6890000+00:00,46
maddisonbaek,2023-02-28T18:35:33.4600000+00:00,228
zerstorenhv,2023-03-01T10:17:40.7200000+00:00,194
jelly386,2023-03-01T14:23:10.8860000+00:00,59
kaylio64,2023-03-02T15:48:50.8710000+00:00,26
kaylio64,2023-03-02T16:45:31.7640000+00:00,99
kaylio64,2023-03-02T17:03:15.1280000+00:00,102
zerstorenhv,2023-03-02T19:57:28.8550000+00:00,73
samandunintellectual,2023-03-02T20:17:59.4420000+00:00,41
kaylio64,2023-03-03T00:04:18.6160000+00:00,129
kaylio64,2023-03-03T16:25:53.3640000+00:00,84
kaylio64,2023-03-03T16:59:51.1600000+00:00,40
kaylio64,2023-03-03T17:23:51.5600000+00:00,133
maddisonbaek,2023-03-03T18:08:56.6650000+00:00,72
maddisonbaek,2023-03-03T18:29:52.5450000+00:00,80
maddisonbaek,2023-03-03T18:32:49.1790000+00:00,0
maddisonbaek,2023-03-03T18:39:55.8010000+00:00,81
steeljester,2023-03-03T18:40:42.1760000+00:00,63
zerstorenhv,2023-03-03T18:41:29.3710000+00:00,253
kaylio64,2023-03-03T23:15:00.5170000+00:00,149
franzkafkaffee,2023-03-04T00:24:49.1610000+00:00,122
kaylio64,2023-03-04T10:38:10.7450000+00:00,78
kaylio64,2023-03-05T01:01:33.2810000+00:00,129
kaylio64,2023-03-05T10:36:55.3590000+00:00,60
kaylio64,2023-03-05T11:51:00.8310000+00:00,0
kaylio64,2023-03-05T11:51:20.2470000+00:00,107
zerstorenhv,2023-03-05T15:32:07.5240000+00:00,163
marikbentusi,2023-03-07T16:33:47.2090000+00:00,143
marikbentusi,2023-03-07T16:34:12.9520000+00:00,81
samandunintellectual,2023-03-07T20:16:48.8170000+00:00,75
marikbentusi,2023-03-08T01:21:16.0630000+00:00,156
kaylio64,2023-03-08T12:36:46.3660000+00:00,42
kaylio64,2023-03-08T15:51:43.2640000+00:00,64
kaylio64,2023-03-08T16:50:30.8180000+00:00,127
kaylio64,2023-03-09T11:22:57.3170000+00:00,141
zerstorenhv,2023-03-09T19:26:05.3480000+00:00,134
zerstorenhv,2023-03-10T07:04:28.1180000+00:00,161
kaylio64,2023-03-10T15:08:23.7230000+00:00,61
anumess,2023-03-10T15:08:50.2850000+00:00,153
marikbentusi,2023-03-10T16:09:38.4260000+00:00,121
anumess,2023-03-10T18:20:30.7880000+00:00,0
anumess,2023-03-10T18:20:31.9580000+00:00,831
marikbentusi,2023-03-10T19:22:38.4860000+00:00,158
kaylio64,2023-03-11T16:44:12.1350000+00:00,138
maddisonbaek,2023-03-12T06:50:54.2850000+00:00,0
maddisonbaek,2023-03-12T06:51:42.4260000+00:00,124
marikbentusi,2023-03-13T16:04:18.3690000+00:00,223
maddisonbaek,2023-03-14T14:12:51.4840000+00:00,104
maddisonbaek,2023-03-14T14:15:01.3990000+00:00,40
maddisonbaek,2023-03-14T16:57:21.5740000+00:00,56
samandunintellectual,2023-03-14T21:15:47.2050000+00:00,69
zerstorenhv,2023-03-15T08:09:08.3990000+00:00,153
maddisonbaek,2023-03-15T13:29:11.8500000+00:00,179
jelly386,2023-03-15T21:28:12.4440000+00:00,77
zerstorenhv,2023-03-15T21:52:49.0220000+00:00,52
kaylio64,2023-03-17T11:36:29.6390000+00:00,330
zerstorenhv,2023-03-17T17:40:00.6070000+00:00,75
zerstorenhv,2023-03-17T18:21:22.4430000+00:00,61
kaylio64,2023-03-17T19:57:50.5400000+00:00,108
samandunintellectual,2023-03-17T20:44:43.6470000+00:00,103
zerstorenhv,2023-03-18T06:47:54.3300000+00:00,99
kaylio64,2023-03-19T17:01:17.2800000+00:00,133
maddisonbaek,2023-03-20T08:38:43.4390000+00:00,190
samandunintellectual,2023-03-21T21:39:11.2930000+00:00,64
shvabra,2023-03-22T15:42:53.8680000+00:00,141
kaylio64,2023-03-22T15:55:02.0780000+00:00,32
marikbentusi,2023-03-22T15:55:11.0930000+00:00,160
kaylio64,2023-03-22T20:29:31.3660000+00:00,157
vixit_art,2023-03-22T22:01:27.8050000+00:00,0
vixit_art,2023-03-22T22:01:39.0270000+00:00,111
zerstorenhv,2023-03-22T23:48:34.2910000+00:00,183
maddisonbaek,2023-03-23T02:22:21.7370000+00:00,104
jelly386,2023-03-23T09:05:35.3810000+00:00,90
jelly386,2023-03-23T09:39:31.3890000+00:00,107
franzkafkaffee,2023-03-23T15:36:09.7660000+00:00,56
paddele,2023-03-23T19:33:12.5210000+00:00,0
paddele,2023-03-23T19:35:59.0670000+00:00,90
zerstorenhv,2023-03-23T20:59:19.6040000+00:00,52
anumess,2023-03-23T22:11:45.0170000+00:00,0
anumess,2023-03-23T22:12:29.1890000+00:00,118
samandunintellectual,2023-03-23T23:27:38.6350000+00:00,54
maddisonbaek,2023-03-24T05:28:24.2830000+00:00,336
paddele,2023-03-24T10:54:48.1290000+00:00,43
marikbentusi,2023-03-24T16:28:03.8380000+00:00,254
samandunintellectual,2023-03-24T18:38:50.2700000+00:00,26
samandunintellectual,2023-03-24T18:58:52.8400000+00:00,63
franzkafkaffee,2023-03-25T03:13:38.9640000+00:00,56
zerstorenhv,2023-03-25T04:52:31.5160000+00:00,264
maddisonbaek,2023-03-25T23:10:06.3350000+00:00,30
maddisonbaek,2023-03-25T23:11:06.2510000+00:00,182
maddisonbaek,2023-03-26T05:02:30.4090000+00:00,153
kaylio64,2023-03-26T18:30:25.2060000+00:00,44
kaylio64,2023-03-26T18:32:28.3930000+00:00,24
kaylio64,2023-03-26T20:35:00.3050000+00:00,177
kaylio64,2023-03-26T20:35:49.2840000+00:00,2
kaylio64,2023-03-26T20:36:12.1560000+00:00,0
kaylio64,2023-03-26T20:36:35.1430000+00:00,0
kaylio64,2023-03-26T20:36:40.6310000+00:00,0
kaylio64,2023-03-26T20:37:38.4290000+00:00,106
marikbentusi,2023-03-26T22:07:01.7310000+00:00,171
franzkafkaffee,2023-03-27T09:16:10.3240000+00:00,170
kusoro,2023-03-27T19:49:36.4140000+00:00,73
joseph_anderson_,2023-03-28T06:42:52.2270000+00:00,207
paddele,2023-03-28T10:53:45.1180000+00:00,146
marikbentusi,2023-03-28T14:49:48.4550000+00:00,226
hypotheticalwalrus,2023-03-28T20:13:05.7560000+00:00,166
samandunintellectual,2023-03-28T21:40:19.6160000+00:00,84
hypotheticalwalrus,2023-03-28T21:42:41.6360000+00:00,85
aman_s,2023-03-29T04:43:01.8800000+00:00,62
aman_s,2023-03-29T04:44:41.5120000+00:00,17
jelly386,2023-03-29T05:26:36.3950000+00:00,101
kaylio64,2023-03-29T08:57:53.7940000+00:00,8
kaylio64,2023-03-29T08:58:17.6140000+00:00,0
kaylio64,2023-03-29T13:47:32.4780000+00:00,111
zerstorenhv,2023-03-29T14:56:20.0130000+00:00,234
maddisonbaek,2023-03-29T15:13:47.6900000+00:00,213
kaylio64,2023-03-29T15:25:31.9770000+00:00,81
aman_s,2023-03-29T19:19:01.0000000+00:00,108
zerstorenhv,2023-03-30T13:27:03.5510000+00:00,89
kaylio64,2023-03-30T14:03:26.0980000+00:00,102
kaylio64,2023-03-30T14:06:21.3920000+00:00,12
kaylio64,2023-03-30T14:06:32.6310000+00:00,29
aman_s,2023-03-30T14:20:43.2750000+00:00,43
kaylio64,2023-03-30T16:27:19.5070000+00:00,121
samandunintellectual,2023-03-30T21:47:36.0890000+00:00,62
kaylio64,2023-03-31T15:02:30.8040000+00:00,271
kaylio64,2023-03-31T15:56:55.7570000+00:00,74
kaylio64,2023-03-31T16:08:06.1760000+00:00,70
aman_s,2023-04-01T07:38:16.0550000+00:00,127
aman_s,2023-04-01T08:35:11.8580000+00:00,66
samandunintellectual,2023-04-01T16:50:54.7990000+00:00,0
samandunintellectual,2023-04-01T16:51:05.4620000+00:00,127
samandunintellectual,2023-04-01T16:51:17.7930000+00:00,164
kaylio64,2023-04-04T14:34:55.2950000+00:00,138
aman_s,2023-04-04T16:34:54.5490000+00:00,63
kaylio64,2023-04-05T15:30:40.2020000+00:00,45
kaylio64,2023-04-05T15:39:31.6570000+00:00,117
zerstorenhv,2023-04-05T15:55:39.6200000+00:00,340
samandunintellectual,2023-04-05T21:45:23.1610000+00:00,50
anumess,2023-04-06T11:32:14.0050000+00:00,263
anumess,2023-04-06T15:37:38.8300000+00:00,196
aman_s,2023-04-06T15:56:03.4010000+00:00,68
kaylio64,2023-04-06T16:03:05.2820000+00:00,100
anumess,2023-04-06T16:13:41.7190000+00:00,255
kaylio64,2023-04-07T14:32:01.3920000+00:00,56
kaylio64,2023-04-07T16:11:01.6950000+00:00,76
aman_s,2023-04-09T11:40:15.0500000+00:00,70
samandunintellectual,2023-04-11T21:37:52.8880000+00:00,84
jelly386,2023-04-12T07:41:13.6580000+00:00,46
jelly386,2023-04-12T07:42:12.7760000+00:00,80
zerstorenhv,2023-04-12T15:48:38.4360000+00:00,327
samandunintellectual,2023-04-12T20:32:56.8360000+00:00,76
jelly386,2023-04-13T16:31:26.3680000+00:00,96
kaylio64,2023-04-13T18:48:15.3910000+00:00,173
kaylio64,2023-04-13T18:56:47.9760000+00:00,97
kaylio64,2023-04-13T19:05:05.0550000+00:00,151
kaylio64,2023-04-13T19:54:46.2590000+00:00,57
kaylio64,2023-04-17T20:51:05.8840000+00:00,180
kaylio64,2023-04-17T20:51:41.3840000+00:00,0
kaylio64,2023-04-17T20:53:22.5540000+00:00,1
jelly386,2023-04-25T16:10:35.8880000+00:00,61
aman_s,2023-04-25T19:05:37.3380000+00:00,35
zerstorenhv,2023-04-25T20:42:02.9300000+00:00,295
kaylio64,2023-04-27T11:04:20.4990000+00:00,292
kaylio64,2023-04-27T11:18:05.9870000+00:00,57
kaylio64,2023-05-03T08:31:39.8530000+00:00,33
samandunintellectual,2023-05-03T20:31:29.3860000+00:00,65
zerstorenhv,2023-05-03T23:26:56.0230000+00:00,78
kaylio64,2023-05-04T13:19:53.9480000+00:00,41
kaylio64,2023-05-04T14:14:39.8090000+00:00,40
chrome_dollar,2023-05-04T19:21:38.7850000+00:00,100
maddisonbaek,2023-05-04T19:26:45.0990000+00:00,97
zerstorenhv,2023-05-04T19:42:56.6440000+00:00,39
marikbentusi,2023-05-04T19:53:13.2160000+00:00,94
marikbentusi,2023-05-04T20:55:34.4830000+00:00,181
maddisonbaek,2023-05-04T21:58:57.5910000+00:00,256
maddisonbaek,2023-05-04T22:39:54.5150000+00:00,179
kaylio64,2023-05-05T11:50:30.3980000+00:00,110
marikbentusi,2023-05-05T14:03:48.2270000+00:00,336
kaylio64,2023-05-05T15:10:30.0160000+00:00,82
aman_s,2023-05-05T23:37:27.3520000+00:00,125
kaylio64,2023-05-08T19:23:48.8090000+00:00,262
kaylio64,2023-05-09T11:47:15.6530000+00:00,125
samandunintellectual,2023-05-09T20:57:25.3560000+00:00,65
kaylio64,2023-05-10T15:34:23.1840000+00:00,134
aman_s,2023-05-10T21:56:05.9270000+00:00,144
aman_s,2023-05-11T12:15:05.2080000+00:00,43
aman_s,2023-05-11T13:55:42.2360000+00:00,41
jelly386,2023-05-12T17:18:07.4670000+00:00,72
aman_s,2023-05-16T00:18:45.7200000+00:00,103
kaylio64,2023-05-18T10:45:22.2630000+00:00,123
samandunintellectual,2023-06-01T22:27:02.6820000+00:00,35
kaylio64,2023-06-02T16:58:53.7410000+00:00,60
jelly386,2023-06-02T17:12:54.3250000+00:00,67
maddisonbaek,2023-06-02T18:51:57.7540000+00:00,128
toxelle,2023-06-03T15:22:32.5780000+00:00,90
kaylio64,2023-06-07T15:13:24.4740000+00:00,66
kaylio64,2023-06-07T17:07:37.7050000+00:00,94
samandunintellectual,2023-06-07T20:45:26.5730000+00:00,113
hypotheticalwalrus,2023-06-09T20:32:54.4900000+00:00,130
zerstorenhv,2023-06-13T18:23:12.5210000+00:00,79
jelly386,2023-06-13T18:49:47.9450000+00:00,84
maddisonbaek,2023-06-15T06:37:03.6330000+00:00,42
chrome_dollar,2023-06-15T07:17:11.0270000+00:00,34
kaylio64,2023-06-15T10:50:10.5360000+00:00,60
hypotheticalwalrus,2023-06-16T19:02:47.3670000+00:00,89
hypotheticalwalrus,2023-06-18T10:47:53.8350000+00:00,43
kaylio64,2023-06-20T18:23:38.6530000+00:00,38
zerstorenhv,2023-06-21T15:43:09.4100000+00:00,262
kaylio64,2023-06-21T19:42:49.4130000+00:00,50
maddisonbaek,2023-06-22T03:44:26.5070000+00:00,11
nodja,2023-06-22T04:53:32.1180000+00:00,84
kaylio64,2023-06-22T10:10:19.2090000+00:00,32
maddisonbaek,2023-06-22T12:43:35.8300000+00:00,0
jelly386,2023-06-22T20:40:25.6000000+00:00,104
joseph_anderson_,2023-06-22T21:40:29.7230000+00:00,274
anumess,2023-06-22T21:45:23.8820000+00:00,158
zerstorenhv,2023-06-22T22:44:11.1390000+00:00,174
falzar25,2023-06-23T00:21:34.4560000+00:00,35
anumess,2023-06-23T01:04:04.1090000+00:00,59
anumess,2023-06-23T01:05:20.7730000+00:00,0
jelly386,2023-06-23T02:04:55.6470000+00:00,104
jelly386,2023-06-23T04:19:37.7070000+00:00,97
kaylio64,2023-06-23T09:22:15.6950000+00:00,71
anumess,2023-06-23T11:29:38.5340000+00:00,24
kaylio64,2023-06-23T13:05:12.9680000+00:00,62
kaylio64,2023-06-23T15:08:58.4000000+00:00,112
kaylio64,2023-06-23T15:30:35.5920000+00:00,30
kaylio64,2023-06-23T15:38:45.2350000+00:00,117
freesimples,2023-06-23T15:39:22.3290000+00:00,25
paddele,2023-06-23T15:52:31.1590000+00:00,7
kaylio64,2023-06-23T16:23:44.5340000+00:00,55
kaylio64,2023-06-24T12:18:21.4300000+00:00,53
franzkafkaffee,2023-06-24T17:26:03.6890000+00:00,37
franzkafkaffee,2023-06-24T18:07:56.5600000+00:00,81
hypotheticalwalrus,2023-06-24T23:26:56.7360000+00:00,31
jelly386,2023-06-25T18:18:27.9720000+00:00,102
kaylio64,2023-06-26T11:36:20.7230000+00:00,9
franzkafkaffee,2023-06-26T11:37:43.3600000+00:00,70
kaylio64,2023-06-26T14:47:27.3180000+00:00,81
kaylio64,2023-06-27T12:12:30.7560000+00:00,24
kaylio64,2023-06-27T12:17:33.6580000+00:00,14
samandunintellectual,2023-06-27T17:12:45.7870000+00:00,20
zerstorenhv,2023-06-28T06:11:51.2170000+00:00,49
kaylio64,2023-06-28T10:26:28.7890000+00:00,54
kaylio64,2023-06-28T13:40:50.8570000+00:00,35
kaylio64,2023-06-28T15:18:14.1050000+00:00,62
freesimples,2023-06-28T21:50:39.5000000+00:00,55
kaylio64,2023-06-28T22:51:54.5430000+00:00,37
zerstorenhv,2023-06-30T03:39:19.1260000+00:00,72
jelly386,2023-06-30T04:29:20.9680000+00:00,42
ginbasil,2023-06-30T08:05:06.4380000+00:00,48
simmsy,2023-06-30T11:19:39.4480000+00:00,65
kaylio64,2023-07-01T01:27:38.1420000+00:00,48
kaylio64,2023-07-01T01:29:07.3740000+00:00,19
kaylio64,2023-07-01T08:59:23.9510000+00:00,20
luna.panda,2023-07-01T10:26:43.8520000+00:00,54
kaylio64,2023-07-01T15:47:35.9570000+00:00,62
kaylio64,2023-07-01T16:00:28.6450000+00:00,0
kaylio64,2023-07-01T16:00:31.2200000+00:00,0
kaylio64,2023-07-01T16:10:21.1430000+00:00,16
kaylio64,2023-07-01T16:10:51.7320000+00:00,29
simmsy,2023-07-01T21:12:19.5540000+00:00,76
simmsy,2023-07-01T21:13:32.3750000+00:00,0
kaylio64,2023-07-01T21:22:39.3270000+00:00,103
kaylio64,2023-07-04T13:54:58.1840000+00:00,44
kaylio64,2023-07-04T13:55:28.2310000+00:00,0
kaylio64,2023-07-04T14:05:42.8450000+00:00,16
kaylio64,2023-07-04T14:38:55.8660000+00:00,15
kaylio64,2023-07-04T14:39:14.3100000+00:00,16
kaylio64,2023-07-04T14:46:27.7260000+00:00,0
aman_s,2023-07-04T15:35:49.1910000+00:00,66
kaylio64,2023-07-05T15:28:40.3500000+00:00,47
c806256,2023-07-05T19:34:57.6580000+00:00,73
luna.panda,2023-07-06T23:36:59.4060000+00:00,45
luna.panda,2023-07-06T23:38:17.2980000+00:00,45
aman_s,2023-07-07T10:06:45.0790000+00:00,48
vixit_art,2023-07-07T12:24:53.6200000+00:00,87
jelly386,2023-07-08T01:55:38.4570000+00:00,571
kaylio64,2023-07-08T09:23:58.8140000+00:00,36
hypotheticalwalrus,2023-07-08T15:14:06.6580000+00:00,0
chrome_dollar,2023-07-10T05:34:56.2400000+00:00,69
vixit_art,2023-07-10T22:18:21.4490000+00:00,86
ginbasil,2023-07-11T05:42:44.2310000+00:00,59
kaylio64,2023-07-11T18:06:53.0390000+00:00,150
samandunintellectual,2023-07-12T19:31:30.9410000+00:00,89
anumess,2023-07-13T13:51:44.1280000+00:00,0
anumess,2023-07-13T13:52:58.8940000+00:00,62
kaylio64,2023-07-13T13:58:40.2320000+00:00,29
zerstorenhv,2023-07-14T04:08:01.3720000+00:00,103
freesimples,2023-07-14T05:32:32.2400000+00:00,0
chrome_dollar,2023-07-15T04:41:19.3190000+00:00,176
kaylio64,2023-07-15T11:04:33.1580000+00:00,33
hypotheticalwalrus,2023-07-16T15:01:02.5390000+00:00,49
zerstorenhv,2023-07-18T06:02:54.4480000+00:00,115
kaylio64,2023-07-18T08:56:06.2220000+00:00,116
maddisonbaek,2023-07-18T17:35:02.0420000+00:00,118
samandunintellectual,2023-07-18T22:21:45.9680000+00:00,114
kaylio64,2023-07-19T08:22:49.1100000+00:00,83
kaylio64,2023-07-19T15:47:11.3530000+00:00,204
kaylio64,2023-07-19T15:47:34.1050000+00:00,30
kaylio64,2023-07-19T15:47:38.8540000+00:00,0
franzkafkaffee,2023-07-19T17:52:22.1910000+00:00,85
jelly386,2023-07-19T17:55:12.9430000+00:00,21
jelly386,2023-07-20T08:00:16.2060000+00:00,51
franzkafkaffee,2023-07-20T10:04:14.4690000+00:00,49
kaylio64,2023-07-20T10:48:15.1150000+00:00,115
kaylio64,2023-07-20T11:02:46.2350000+00:00,76
kaylio64,2023-07-20T15:23:36.1160000+00:00,199
kaylio64,2023-07-20T15:29:02.1740000+00:00,0
jelly386,2023-07-20T15:33:16.2450000+00:00,36
kaylio64,2023-07-20T17:05:25.5770000+00:00,33
kaylio64,2023-07-20T17:06:26.5590000+00:00,28
kaylio64,2023-07-20T17:18:45.8350000+00:00,19
kaylio64,2023-07-21T13:40:36.3280000+00:00,111
simmsy,2023-07-24T03:20:12.3710000+00:00,274
joseph_anderson_,2023-07-25T14:09:44.2140000+00:00,113
joseph_anderson_,2023-07-25T14:09:48.7590000+00:00,0
kaylio64,2023-07-25T14:25:25.3190000+00:00,64
kaylio64,2023-07-25T18:39:49.7200000+00:00,66
simmsy,2023-07-26T14:30:30.3280000+00:00,155
simmsy,2023-07-26T14:31:00.5120000+00:00,0
kaylio64,2023-07-26T14:34:59.1230000+00:00,31
freesimples,2023-07-26T14:40:02.0370000+00:00,24
nodja,2023-07-26T23:44:05.0770000+00:00,2
kaylio64,2023-07-27T21:58:11.9830000+00:00,107
kaylio64,2023-07-27T21:58:28.8610000+00:00,0
kaylio64,2023-07-27T22:06:49.3020000+00:00,8
kaylio64,2023-07-28T07:19:34.3130000+00:00,80
jelly386,2023-07-28T10:40:55.7000000+00:00,104
jelly386,2023-07-28T10:41:47.0790000+00:00,3
kaylio64,2023-07-28T10:44:19.6590000+00:00,0
kaylio64,2023-07-28T12:07:50.5790000+00:00,42
kaylio64,2023-07-28T12:08:16.1240000+00:00,52
kaylio64,2023-07-28T12:09:41.9870000+00:00,20
kaylio64,2023-07-28T12:10:29.8780000+00:00,12
simmsy,2023-07-28T20:09:57.7020000+00:00,185
simmsy,2023-07-28T21:25:12.3760000+00:00,77
simmsy,2023-07-28T21:48:44.5680000+00:00,167
kaylio64,2023-07-28T21:52:37.2330000+00:00,39
kaylio64,2023-07-28T21:52:42.5040000+00:00,0
simmsy,2023-07-28T22:16:48.4400000+00:00,122
kaylio64,2023-07-28T22:18:39.5500000+00:00,86
kaylio64,2023-07-28T22:18:43.2230000+00:00,0
simmsy,2023-07-28T22:33:39.9710000+00:00,33
simmsy,2023-07-29T03:29:11.1720000+00:00,50
kaylio64,2023-07-29T09:02:29.8370000+00:00,66
samandunintellectual,2023-07-29T21:02:48.0250000+00:00,47
kaylio64,2023-07-30T08:05:38.1950000+00:00,170
kaylio64,2023-08-01T13:16:03.6660000+00:00,71
paddele,2023-08-02T14:35:34.1160000+00:00,91
jelly386,2023-08-03T16:41:24.4170000+00:00,21
jelly386,2023-08-03T16:41:52.0470000+00:00,32
jelly386,2023-08-03T16:42:40.3780000+00:00,81
jelly386,2023-08-03T17:43:25.0310000+00:00,78
samandunintellectual,2023-08-03T20:32:05.4300000+00:00,120
jelly386,2023-08-04T03:05:18.0910000+00:00,29
jelly386,2023-08-04T03:30:37.8510000+00:00,45
samandunintellectual,2023-08-04T10:54:38.5040000+00:00,71
c806256,2023-08-04T13:27:08.0710000+00:00,82
kaylio64,2023-08-04T14:22:00.4690000+00:00,33
kaylio64,2023-08-04T14:23:18.2580000+00:00,0
kaylio64,2023-08-04T16:09:48.1550000+00:00,140
paddele,2023-08-04T16:32:53.2310000+00:00,74
simmsy,2023-08-04T19:26:20.4350000+00:00,168
zerstorenhv,2023-08-04T19:30:08.9240000+00:00,195
hypotheticalwalrus,2023-08-05T13:44:27.7000000+00:00,101
kaylio64,2023-08-05T17:09:02.3030000+00:00,68
chrome_dollar,2023-08-05T19:46:21.9230000+00:00,165
simmsy,2023-08-05T20:00:23.6970000+00:00,249
jelly386,2023-08-06T23:52:58.9560000+00:00,57
jelly386,2023-08-07T08:39:24.9080000+00:00,63
jelly386,2023-08-07T09:06:28.6750000+00:00,52
hypotheticalwalrus,2023-08-08T15:49:58.8250000+00:00,90
chrome_dollar,2023-08-08T17:09:07.8880000+00:00,57
kaylio64,2023-08-08T17:14:40.8670000+00:00,58
kaylio64,2023-08-08T17:14:46.8440000+00:00,0
kaylio64,2023-08-08T17:14:55.8730000+00:00,44
samandunintellectual,2023-08-09T20:40:22.3660000+00:00,54
jelly386,2023-08-11T01:15:41.3370000+00:00,60
jelly386,2023-08-11T07:05:31.5420000+00:00,33
jelly386,2023-08-11T08:13:40.5070000+00:00,35
zerstorenhv,2023-08-11T08:27:04.7700000+00:00,75
jelly386,2023-08-11T08:47:45.6900000+00:00,60
aman_s,2023-08-11T10:21:01.3100000+00:00,80
aman_s,2023-08-11T21:51:03.2830000+00:00,121
hypotheticalwalrus,2023-08-12T15:12:02.4830000+00:00,140
jelly386,2023-08-13T02:53:32.5410000+00:00,85
hypotheticalwalrus,2023-08-13T11:15:03.3540000+00:00,62
hypotheticalwalrus,2023-08-14T22:19:10.9890000+00:00,133
hypotheticalwalrus,2023-08-14T22:23:34.2120000+00:00,89
hypotheticalwalrus,2023-08-17T13:21:23.9620000+00:00,11
hypotheticalwalrus,2023-08-17T13:25:18.4460000+00:00,83
hypotheticalwalrus,2023-08-17T13:33:07.4150000+00:00,8
hypotheticalwalrus,2023-08-17T13:33:23.5630000+00:00,88
hypotheticalwalrus,2023-08-17T13:36:22.6860000+00:00,86
hypotheticalwalrus,2023-08-17T16:16:13.3550000+00:00,33
hypotheticalwalrus,2023-08-18T18:14:17.5610000+00:00,148
hypotheticalwalrus,2023-08-23T20:48:17.9790000+00:00,122
jelly386,2023-08-23T23:08:37.5420000+00:00,85
samandunintellectual,2023-08-24T05:57:33.0690000+00:00,83
hypotheticalwalrus,2023-08-24T14:35:11.4160000+00:00,199
hypotheticalwalrus,2023-08-24T18:48:15.6870000+00:00,97
jelly386,2023-08-25T05:51:27.4400000+00:00,26
jelly386,2023-08-25T06:10:53.2230000+00:00,187
hypotheticalwalrus,2023-08-25T23:03:41.8690000+00:00,87
hypotheticalwalrus,2023-08-26T00:19:44.4660000+00:00,76
jelly386,2023-08-26T09:58:45.6540000+00:00,21
samandunintellectual,2023-08-26T10:45:25.7330000+00:00,168
hypotheticalwalrus,2023-08-26T12:31:17.6690000+00:00,47
hypotheticalwalrus,2023-08-26T13:07:41.0050000+00:00,36
hypotheticalwalrus,2023-08-26T16:16:40.8410000+00:00,97
simmsy,2023-08-26T18:20:31.1220000+00:00,115
simmsy,2023-08-26T18:21:21.4350000+00:00,0
kaylio64,2023-08-26T18:22:55.3100000+00:00,1
simmsy,2023-08-26T18:23:30.9980000+00:00,0
simmsy,2023-08-26T18:23:41.5210000+00:00,0
hypotheticalwalrus,2023-08-27T12:57:29.8810000+00:00,83
snek_pliskin,2023-08-29T11:12:38.2030000+00:00,156
luna.panda,2023-08-29T12:14:49.9090000+00:00,8
snek_pliskin,2023-08-30T18:02:04.0400000+00:00,25
shvabra,2023-08-30T19:06:03.2120000+00:00,115
zerstorenhv,2023-08-31T02:48:47.7810000+00:00,186
jelly386,2023-08-31T02:55:52.7710000+00:00,60
ketchup_kiddo,2023-08-31T03:09:47.4170000+00:00,1
jelly386,2023-08-31T04:07:43.2690000+00:00,75
snek_pliskin,2023-08-31T17:59:14.3460000+00:00,41
snek_pliskin,2023-08-31T18:08:54.5960000+00:00,31
freesimples,2023-08-31T18:37:53.1170000+00:00,52
freesimples,2023-09-01T05:43:18.7620000+00:00,167
luna.panda,2023-09-01T05:49:25.0640000+00:00,57
c806256,2023-09-01T11:08:41.7240000+00:00,193
hypotheticalwalrus,2023-09-01T13:02:37.1100000+00:00,31
hypotheticalwalrus,2023-09-01T13:03:41.8340000+00:00,25
kaylio64,2023-09-01T14:09:59.2100000+00:00,69
harmva,2023-09-01T18:06:38.1120000+00:00,81
harmva,2023-09-02T07:49:24.2320000+00:00,117
samandunintellectual,2023-09-02T09:21:14.6590000+00:00,38
crudeoil,2023-09-02T16:29:32.9240000+00:00,63
crudeoil,2023-09-03T11:15:24.9630000+00:00,137
kaylio64,2023-09-03T16:19:47.2990000+00:00,31
crudeoil,2023-09-03T20:24:15.9160000+00:00,92
jelly386,2023-09-04T16:08:59.2160000+00:00,94
calmore,2023-09-04T20:48:09.3820000+00:00,168
jelly386,2023-09-05T13:34:18.1940000+00:00,182
hypotheticalwalrus,2023-09-05T18:41:44.9380000+00:00,86
highlaw,2023-09-06T18:50:49.1840000+00:00,103
piggywiggy,2023-09-06T19:22:34.7770000+00:00,110
luna.panda,2023-09-06T23:06:15.1760000+00:00,58
jelly386,2023-09-07T03:58:05.1120000+00:00,137
harmva,2023-09-07T16:13:52.5180000+00:00,122
jelly386,2023-09-07T19:14:47.4210000+00:00,46
maddisonbaek,2023-09-07T19:37:28.3920000+00:00,89
samandunintellectual,2023-09-07T19:59:51.1800000+00:00,23
hypotheticalwalrus,2023-09-07T20:31:16.6580000+00:00,62
freesimples,2023-09-07T21:20:35.0380000+00:00,0
freesimples,2023-09-07T21:22:14.4550000+00:00,53
jelly386,2023-09-07T23:48:05.6550000+00:00,74
zerstorenhv,2023-09-08T08:26:47.3190000+00:00,114
4glte,2023-09-08T14:23:29.1450000+00:00,82
harmva,2023-09-09T11:14:49.2870000+00:00,219
simmsy,2023-09-10T16:23:18.3770000+00:00,111
harmva,2023-09-10T20:32:57.0520000+00:00,197
jelly386,2023-09-11T16:05:38.1810000+00:00,137
freesimples,2023-09-11T16:22:20.2820000+00:00,0
jelly386,2023-09-11T16:57:28.2110000+00:00,43
highlaw,2023-09-12T11:21:32.8080000+00:00,100
harmva,2023-09-12T18:07:51.1610000+00:00,174
4glte,2023-09-13T04:22:06.1000000+00:00,281
harmva,2023-09-14T17:07:14.4690000+00:00,98
jelly386,2023-09-14T18:24:20.9150000+00:00,72
highlaw,2023-09-14T18:45:11.9050000+00:00,65
harmva,2023-09-15T12:21:53.6210000+00:00,51
harmva,2023-09-15T12:23:42.4530000+00:00,0
harmva,2023-09-15T12:24:58.8190000+00:00,20
jelly386,2023-09-15T15:18:42.5500000+00:00,166
harmva,2023-09-17T09:26:41.7560000+00:00,143
maddisonbaek,2023-09-17T15:40:25.4760000+00:00,251
harmva,2023-09-17T21:05:47.0070000+00:00,221
jelly386,2023-09-18T15:55:53.9480000+00:00,69
silverhertz,2023-09-19T22:43:59.0750000+00:00,114
harmva,2023-09-20T09:59:05.8830000+00:00,0
kaylio64,2023-09-20T13:41:28.8230000+00:00,0
harmva,2023-09-20T13:42:14.6360000+00:00,0
maddisonbaek,2023-09-20T14:10:35.6960000+00:00,0
hypotheticalwalrus,2023-09-20T15:25:12.9800000+00:00,0
maddisonbaek,2023-09-20T16:01:38.5540000+00:00,105
luna.panda,2023-09-20T19:07:43.9260000+00:00,141
luna.panda,2023-09-21T15:27:03.5070000+00:00,134
chrome_dollar,2023-09-22T21:10:11.1230000+00:00,129
chrome_dollar,2023-09-22T21:11:12.3400000+00:00,23
hypotheticalwalrus,2023-09-23T14:51:21.1570000+00:00,138
jelly386,2023-09-26T13:53:24.9760000+00:00,20
jelly386,2023-09-26T13:54:25.4890000+00:00,18
jelly386,2023-09-26T13:55:02.1910000+00:00,24
jelly386,2023-09-26T14:28:55.9450000+00:00,24
jelly386,2023-09-26T15:22:56.4330000+00:00,23
jelly386,2023-09-26T15:28:04.0140000+00:00,138
paddele,2023-09-26T16:56:12.8390000+00:00,55
paddele,2023-09-26T16:57:40.7800000+00:00,22
hypotheticalwalrus,2023-09-28T15:03:44.8470000+00:00,118
jelly386,2023-09-28T22:38:29.2720000+00:00,24
hypotheticalwalrus,2023-10-06T20:53:51.5670000+00:00,195
chrome_dollar,2023-10-07T06:39:26.1800000+00:00,113
chrome_dollar,2023-10-07T06:39:41.7950000+00:00,22
hopeestla,2023-10-08T04:37:17.9770000+00:00,145
chrome_dollar,2023-10-10T04:33:47.1600000+00:00,63
chrome_dollar,2023-10-10T04:34:12.9430000+00:00,159
jelly386,2023-10-11T02:55:33.0190000+00:00,32
jelly386,2023-10-11T02:59:58.0790000+00:00,72
jelly386,2023-10-11T03:16:45.6150000+00:00,28
harmva,2023-10-11T08:19:54.7310000+00:00,124
jelly386,2023-10-11T15:44:30.9490000+00:00,245
hypotheticalwalrus,2023-10-16T18:21:53.4690000+00:00,195
hypotheticalwalrus,2023-10-23T18:48:03.5640000+00:00,166
luna.panda,2023-10-24T20:35:01.8190000+00:00,82
luna.panda,2023-10-24T21:26:47.6330000+00:00,19
jelly386,2023-10-25T19:33:04.2480000+00:00,117
jelly386,2023-10-25T19:56:32.9520000+00:00,56
steeljester,2023-10-26T09:48:42.9090000+00:00,133
steeljester,2023-10-26T09:49:01.5000000+00:00,67
steeljester,2023-10-26T09:49:21.4130000+00:00,125
steeljester,2023-10-26T09:49:45.9360000+00:00,133
hypotheticalwalrus,2023-10-26T19:13:00.3150000+00:00,79
paddele,2023-10-27T13:22:38.5100000+00:00,43
samandunintellectual,2023-10-27T20:33:06.8140000+00:00,52
freesimples,2023-10-27T23:43:29.6320000+00:00,93
c806256,2023-10-27T23:51:56.2150000+00:00,160
4glte,2023-10-28T01:28:32.3690000+00:00,131
jelly386,2023-10-28T13:42:11.5010000+00:00,43
paddele,2023-10-28T14:30:24.6190000+00:00,66
simmsy,2023-10-28T20:31:37.5910000+00:00,167
hypotheticalwalrus,2023-10-29T21:17:12.3380000+00:00,143
jelly386,2023-10-30T17:12:28.8520000+00:00,26
jelly386,2023-10-31T15:22:37.9940000+00:00,137
jelly386,2023-10-31T15:26:12.6190000+00:00,166
jelly386,2023-10-31T15:27:09.1100000+00:00,34
jelly386,2023-11-04T14:14:36.9720000+00:00,135
zorgrox,2023-11-06T03:16:08.3810000+00:00,110
kaylio64,2023-11-10T21:15:06.4760000+00:00,688
simmsy,2023-11-10T22:53:23.9600000+00:00,196
jelly386,2023-11-14T13:08:14.0270000+00:00,289
hypotheticalwalrus,2023-11-19T22:02:50.9410000+00:00,91
hypotheticalwalrus,2023-11-20T07:45:53.1040000+00:00,34
hypotheticalwalrus,2023-11-26T10:59:56.5750000+00:00,239
hypotheticalwalrus,2023-11-26T23:09:42.3530000+00:00,81
c806256,2023-11-27T00:24:29.7960000+00:00,87
hypotheticalwalrus,2023-11-28T18:10:51.7690000+00:00,44
piggywiggy,2023-11-28T21:26:48.0460000+00:00,135
franzkafkaffee,2023-11-28T23:45:03.0060000+00:00,129
franzkafkaffee,2023-11-28T23:45:58.0020000+00:00,41
jelly386,2023-11-29T07:57:16.5340000+00:00,63
hypotheticalwalrus,2023-11-29T08:29:03.3750000+00:00,293
freesimples,2023-11-29T13:52:50.5700000+00:00,137
hopeestla,2023-11-30T15:05:57.2070000+00:00,100
hypotheticalwalrus,2023-11-30T15:13:31.2380000+00:00,18
paddele,2023-11-30T21:21:19.7770000+00:00,53
paddele,2023-11-30T21:42:17.8430000+00:00,1
jelly386,2023-11-30T23:36:58.4770000+00:00,246
jelly386,2023-12-01T07:43:25.2610000+00:00,54
hypotheticalwalrus,2023-12-01T10:29:42.3330000+00:00,51
hypotheticalwalrus,2023-12-01T12:56:38.8230000+00:00,65
4glte,2023-12-01T14:24:24.6410000+00:00,161
4glte,2023-12-01T15:17:21.4720000+00:00,43
kaylio64,2023-12-01T16:43:19.7650000+00:00,61
simmsy,2023-12-02T01:23:45.6030000+00:00,82
kaylio64,2023-12-02T01:57:41.4790000+00:00,29
simmsy,2023-12-02T03:01:20.3180000+00:00,121
hypotheticalwalrus,2023-12-02T13:10:07.4290000+00:00,24
maddisonbaek,2023-12-02T14:02:46.1830000+00:00,148
kaylio64,2023-12-02T15:18:52.7390000+00:00,105
kaylio64,2023-12-02T15:21:09.1300000+00:00,0
luna.panda,2023-12-02T19:51:12.7310000+00:00,48
luna.panda,2023-12-02T19:58:17.6990000+00:00,44
hypotheticalwalrus,2023-12-03T10:34:18.5410000+00:00,27
hypotheticalwalrus,2023-12-03T11:41:22.8820000+00:00,41
hopeestla,2023-12-03T12:02:39.4110000+00:00,44
hypotheticalwalrus,2023-12-03T12:44:07.2790000+00:00,39
tep4,2023-12-03T18:45:39.5130000+00:00,165
hypotheticalwalrus,2023-12-03T19:48:00.6160000+00:00,30
freesimples,2023-12-03T23:33:34.3100000+00:00,109
zorgrox,2023-12-04T02:36:38.8580000+00:00,6
zorgrox,2023-12-04T02:48:00.5010000+00:00,36
zorgrox,2023-12-04T02:49:06.0080000+00:00,43
maddisonbaek,2023-12-04T03:01:07.8790000+00:00,96
hypotheticalwalrus,2023-12-04T19:59:37.7070000+00:00,51
hypotheticalwalrus,2023-12-04T20:00:27.6580000+00:00,31
hypotheticalwalrus,2023-12-04T20:08:21.2020000+00:00,357
simmsy,2023-12-04T20:17:27.7270000+00:00,18
hypotheticalwalrus,2023-12-04T21:33:39.9810000+00:00,95
hypotheticalwalrus,2023-12-04T21:47:46.1400000+00:00,90
hypotheticalwalrus,2023-12-05T12:42:55.6010000+00:00,180
hypotheticalwalrus,2023-12-05T12:57:10.1560000+00:00,147
simmsy,2023-12-05T16:59:05.3010000+00:00,103
hypotheticalwalrus,2023-12-05T20:12:30.8150000+00:00,33
c806256,2023-12-05T22:02:24.9050000+00:00,161
hypotheticalwalrus,2023-12-05T22:55:08.8240000+00:00,46
jelly386,2023-12-05T23:06:31.3150000+00:00,45
jelly386,2023-12-05T23:07:34.4330000+00:00,161
jelly386,2023-12-06T10:15:58.6980000+00:00,133
piggywiggy,2023-12-06T12:28:02.8200000+00:00,62
hypotheticalwalrus,2023-12-06T16:26:55.7990000+00:00,31
hypotheticalwalrus,2023-12-06T17:16:37.8480000+00:00,56
hypotheticalwalrus,2023-12-06T20:43:22.5180000+00:00,55
tep4,2023-12-06T20:47:11.3860000+00:00,85
hypotheticalwalrus,2023-12-06T22:33:03.7910000+00:00,46
hypotheticalwalrus,2023-12-06T22:36:12.0360000+00:00,97
tep4,2023-12-06T23:08:28.5930000+00:00,65
kaylio64,2023-12-06T23:55:09.9480000+00:00,0
tep4,2023-12-06T23:56:17.0750000+00:00,1
kaylio64,2023-12-07T00:27:02.9530000+00:00,129
snowdozer,2023-12-07T09:35:10.1090000+00:00,85
daxtear,2023-12-07T12:14:36.9390000+00:00,44
4glte,2023-12-07T13:23:28.3560000+00:00,41
steeljester,2023-12-07T15:45:59.9510000+00:00,101
falzar25,2023-12-07T15:46:38.5580000+00:00,2
steeljester,2023-12-07T15:47:26.1230000+00:00,0
maddisonbaek,2023-12-07T16:29:51.3280000+00:00,77
maddisonbaek,2023-12-07T16:30:11.2230000+00:00,0
hypotheticalwalrus,2023-12-07T18:12:11.2520000+00:00,34
hypotheticalwalrus,2023-12-07T18:12:42.0830000+00:00,15
hypotheticalwalrus,2023-12-07T18:13:08.4870000+00:00,30
hypotheticalwalrus,2023-12-07T18:13:46.8600000+00:00,46
hypotheticalwalrus,2023-12-07T18:14:26.6010000+00:00,17
hypotheticalwalrus,2023-12-07T18:15:39.3550000+00:00,17
hypotheticalwalrus,2023-12-07T18:18:01.7620000+00:00,21
hypotheticalwalrus,2023-12-07T18:24:18.6490000+00:00,17
jelly386,2023-12-07T18:29:41.8070000+00:00,32
zorgrox,2023-12-07T18:44:16.2030000+00:00,31
zorgrox,2023-12-07T19:15:53.1260000+00:00,36
hopeestla,2023-12-07T19:37:44.0910000+00:00,62
chrome_dollar,2023-12-07T19:50:28.7390000+00:00,76
chrome_dollar,2023-12-07T19:50:50.1890000+00:00,0
freesimples,2023-12-07T19:51:31.8160000+00:00,9
paddele,2023-12-07T20:11:30.0320000+00:00,84
paddele,2023-12-07T20:30:45.2750000+00:00,16
hypotheticalwalrus,2023-12-07T20:36:17.2100000+00:00,46
snowdozer,2023-12-07T20:54:39.4560000+00:00,68
chrome_dollar,2023-12-07T20:57:30.4620000+00:00,43
simmsy,2023-12-07T21:19:45.6960000+00:00,71
aman_s,2023-12-07T21:20:23.2560000+00:00,29
luna.panda,2023-12-07T21:21:30.5600000+00:00,21
chrome_dollar,2023-12-07T21:25:18.8570000+00:00,49
kaylio64,2023-12-07T21:26:43.5350000+00:00,0
kaylio64,2023-12-07T21:26:48.0180000+00:00,55
kaylio64,2023-12-07T21:27:19.7640000+00:00,188
luna.panda,2023-12-07T21:50:32.1180000+00:00,68
luna.panda,2023-12-07T21:56:28.9740000+00:00,44
hypotheticalwalrus,2023-12-08T00:02:05.1580000+00:00,83
luna.panda,2023-12-08T00:06:27.2820000+00:00,27
piggywiggy,2023-12-08T21:15:59.8670000+00:00,78
hypotheticalwalrus,2023-12-09T14:50:38.2050000+00:00,30
hypotheticalwalrus,2023-12-09T14:51:07.6510000+00:00,43
hypotheticalwalrus,2023-12-09T14:51:23.0430000+00:00,195
asheshyr,2023-12-10T11:35:16.4520000+00:00,64
calmore,2023-12-10T15:31:50.6730000+00:00,111
simmsy,2023-12-10T16:12:49.5090000+00:00,130
maddisonbaek,2023-12-11T04:04:09.5130000+00:00,65
maddisonbaek,2023-12-11T09:22:15.6610000+00:00,39
maddisonbaek,2023-12-11T11:01:58.4200000+00:00,136
hypotheticalwalrus,2023-12-11T18:05:02.2500000+00:00,25
hypotheticalwalrus,2023-12-11T19:59:35.4780000+00:00,14
capsador,2023-12-11T20:40:05.1730000+00:00,133
franzkafkaffee,2023-12-12T14:43:59.4470000+00:00,223
jelly386,2023-12-12T17:17:25.3660000+00:00,143
calmore,2023-12-15T15:31:36.6570000+00:00,390
c806256,2023-12-16T07:12:23.5520000+00:00,102
hypotheticalwalrus,2023-12-16T11:38:12.6620000+00:00,85
piggywiggy,2023-12-16T11:44:42.1430000+00:00,0
simmsy,2023-12-18T14:59:22.1200000+00:00,365
hypotheticalwalrus,2023-12-19T15:45:57.3180000+00:00,50
hopeestla,2023-12-27T21:16:27.6800000+00:00,56
jelly386,2023-12-28T19:10:45.1340000+00:00,88
jelly386,2023-12-29T15:57:02.6410000+00:00,121
jelly386,2023-12-29T16:26:29.9620000+00:00,118
harmva,2023-12-29T16:33:15.3720000+00:00,129
harmva,2023-12-29T16:33:42.4940000+00:00,0
simmsy,2023-12-29T18:43:55.5590000+00:00,109
simmsy,2023-12-29T20:22:10.1370000+00:00,98
marikbentusi,2023-12-29T23:15:43.3580000+00:00,220
simmsy,2023-12-29T23:55:42.0700000+00:00,148
simmsy,2023-12-30T00:52:01.0830000+00:00,120
maddisonbaek,2023-12-30T01:56:31.0440000+00:00,108
maddisonbaek,2023-12-30T02:11:59.9200000+00:00,108
maddisonbaek,2023-12-30T07:49:56.0760000+00:00,325
maddisonbaek,2023-12-30T14:30:09.5530000+00:00,0
maddisonbaek,2023-12-30T14:30:35.1240000+00:00,114
joseph_anderson_,2023-12-30T21:00:38.1600000+00:00,1
