Author,Date,Reactions
sqrrk,2023-03-07T17:55:50.1490000+00:00,0
3v3ryman,2023-03-07T17:55:50.9660000+00:00,0
drlavalava,2023-03-07T17:55:51.2580000+00:00,0
_naya_,2023-03-07T17:55:51.9300000+00:00,0
oliveisaword,2023-03-07T17:55:52.1320000+00:00,0
maxaika,2023-03-07T17:55:52.3510000+00:00,0
3v3ryman,2023-03-07T17:55:53.0890000+00:00,0
corvoloso,2023-03-07T17:55:53.2500000+00:00,0
verdox,2023-03-07T17:55:53.4440000+00:00,0
caputtes,2023-03-07T17:55:54.3600000+00:00,0
cookienator,2023-03-07T17:55:54.4100000+00:00,0
crazywik,2023-03-07T17:55:54.4510000+00:00,0
eterna1ice,2023-03-07T17:55:55.0390000+00:00,0
gighardt,2023-03-07T17:55:55.3990000+00:00,0
capsador,2023-03-07T17:55:55.4060000+00:00,0
havreandrei,2023-03-07T17:55:55.9830000+00:00,0
_naya_,2023-03-07T17:55:56.0630000+00:00,0
squirrely96,2023-03-07T17:55:56.2080000+00:00,0
zargy,2023-03-07T17:55:57.2060000+00:00,0
ninja_gaijin,2023-03-07T17:55:58.2820000+00:00,0
magzhik,2023-03-07T17:55:58.3940000+00:00,0
vichilangelo,2023-03-07T17:55:58.5900000+00:00,0
sakubigryphon,2023-03-07T17:55:59.1430000+00:00,0
aniforprez,2023-03-07T17:55:59.1570000+00:00,0
maxaika,2023-03-07T17:55:59.8720000+00:00,0
brokenalex1048,2023-03-07T17:56:00.3150000+00:00,0
meta_magician,2023-03-07T17:56:00.8080000+00:00,0
jelly386,2023-03-07T17:56:01.1360000+00:00,0
hika7624,2023-03-07T17:56:01.3270000+00:00,0
crimsonocat,2023-03-07T17:56:01.4880000+00:00,0
sciembe,2023-03-07T17:56:01.5470000+00:00,0
algent,2023-03-07T17:56:02.0600000+00:00,0
madbuk,2023-03-07T17:56:02.5650000+00:00,0
corvoloso,2023-03-07T17:56:03.4670000+00:00,0
hypotheticalwalrus,2023-03-07T17:56:03.6290000+00:00,0
kaylio64,2023-03-07T17:56:03.6740000+00:00,0
jaxo__o,2023-03-07T17:56:03.6940000+00:00,0
scuttlefish,2023-03-07T17:56:05.3660000+00:00,0
squirrely96,2023-03-07T17:56:05.4510000+00:00,0
cameronio,2023-03-07T17:56:05.4750000+00:00,0
ironrath,2023-03-07T17:56:06.0160000+00:00,0
sqrrk,2023-03-07T17:56:07.0380000+00:00,0
_medley,2023-03-07T17:56:07.5530000+00:00,0
fancyprince,2023-03-07T17:56:07.7300000+00:00,0
randomeer,2023-03-07T17:56:09.2300000+00:00,0
algent,2023-03-07T17:56:09.3880000+00:00,0
caputtes,2023-03-07T17:56:09.5030000+00:00,0
maxaika,2023-03-07T17:56:09.6920000+00:00,0
crazywik,2023-03-07T17:56:10.8370000+00:00,0
nilua,2023-03-07T17:56:12.1160000+00:00,0
chickenhunter,2023-03-07T17:56:12.3110000+00:00,0
babypigman,2023-03-07T17:56:12.3130000+00:00,0
zorgrox,2023-03-07T17:56:12.3720000+00:00,0
thetntm,2023-03-07T17:56:12.6120000+00:00,0
aloname,2023-03-07T17:56:12.8860000+00:00,0
sakubigryphon,2023-03-07T17:56:13.4510000+00:00,0
hypotheticalwalrus,2023-03-07T17:56:13.6460000+00:00,0
gordotforrot,2023-03-07T17:56:14.2970000+00:00,0
_naya_,2023-03-07T17:56:15.7010000+00:00,0
enomagla,2023-03-07T17:56:18.7110000+00:00,0
hoth160,2023-03-07T17:56:18.9890000+00:00,0
hika7624,2023-03-07T17:56:19.0910000+00:00,0
thetntm,2023-03-07T17:56:22.9060000+00:00,0
maxaika,2023-03-07T17:56:22.9950000+00:00,0
caputtes,2023-03-07T17:56:25.0980000+00:00,0
bonkey14,2023-03-07T17:56:25.2510000+00:00,0
elliekiss,2023-03-07T17:56:28.2350000+00:00,0
bleue_jeans,2023-03-07T17:56:28.5240000+00:00,0
meta_magician,2023-03-07T17:56:29.0920000+00:00,0
crimsonocat,2023-03-07T17:56:29.8160000+00:00,0
aniforprez,2023-03-07T17:56:32.4990000+00:00,0
gordotforrot,2023-03-07T17:56:33.3940000+00:00,0
sakubigryphon,2023-03-07T17:56:34.3300000+00:00,0
nomephit,2023-03-07T17:56:34.8780000+00:00,0
maxaika,2023-03-07T17:56:35.2300000+00:00,0
crazywik,2023-03-07T17:56:37.8620000+00:00,0
gordotforrot,2023-03-07T17:56:40.7820000+00:00,0
3v3ryman,2023-03-07T17:56:41.8450000+00:00,0
tisaric,2023-03-07T17:56:43.5940000+00:00,0
_naya_,2023-03-07T17:56:46.7290000+00:00,0
crazywik,2023-03-07T17:56:46.9610000+00:00,0
rotyler,2023-03-07T17:56:49.5910000+00:00,0
thetntm,2023-03-07T17:56:50.8750000+00:00,0
aniforprez,2023-03-07T17:56:51.1730000+00:00,0
hypotheticalwalrus,2023-03-07T17:56:52.1760000+00:00,21
edicus,2023-03-07T17:57:01.8870000+00:00,0
crazywik,2023-03-07T17:57:08.3960000+00:00,0
aniforprez,2023-03-07T17:57:10.4020000+00:00,0
sakubigryphon,2023-03-07T17:57:14.9700000+00:00,0
tieff,2023-03-07T17:57:15.7270000+00:00,0
brokenalex1048,2023-03-07T17:57:16.9050000+00:00,0
hypotheticalwalrus,2023-03-07T17:57:21.3370000+00:00,0
fancyprince,2023-03-07T17:57:22.3400000+00:00,0
nomephit,2023-03-07T17:57:22.6060000+00:00,4
meta_magician,2023-03-07T17:57:30.3590000+00:00,0
brokenalex1048,2023-03-07T17:57:35.3240000+00:00,0
hypotheticalwalrus,2023-03-07T17:57:35.4970000+00:00,0
sakubigryphon,2023-03-07T17:57:36.8720000+00:00,0
elliekiss,2023-03-07T17:57:41.0020000+00:00,1
nomephit,2023-03-07T17:57:44.9970000+00:00,0
3v3ryman,2023-03-07T17:57:52.4520000+00:00,0
3v3ryman,2023-03-07T17:57:53.9050000+00:00,0
capsador,2023-03-07T17:57:59.3560000+00:00,0
floofiie,2023-03-07T17:57:59.3630000+00:00,0
assistantweeby,2023-03-07T17:58:05.9680000+00:00,0
fancyprince,2023-03-07T17:58:08.4550000+00:00,0
aniforprez,2023-03-07T17:58:10.5760000+00:00,0
babypigman,2023-03-07T17:58:11.5330000+00:00,0
crazywik,2023-03-07T17:58:12.8960000+00:00,0
crazywik,2023-03-07T17:58:13.8680000+00:00,0
madbuk,2023-03-07T17:58:14.7200000+00:00,0
caputtes,2023-03-07T17:58:20.0900000+00:00,1
capsador,2023-03-07T17:58:22.0030000+00:00,0
capsador,2023-03-07T17:58:26.9830000+00:00,0
babypigman,2023-03-07T17:58:34.2170000+00:00,0
tisaric,2023-03-07T17:58:36.4610000+00:00,0
meta_magician,2023-03-07T17:58:40.0780000+00:00,0
assistantweeby,2023-03-07T17:58:48.6770000+00:00,0
elliekiss,2023-03-07T17:58:48.8920000+00:00,0
kiwimeowahura,2023-03-07T17:58:48.9890000+00:00,0
meta_magician,2023-03-07T17:59:01.0190000+00:00,0
babypigman,2023-03-07T17:59:03.5270000+00:00,0
nagitosweatyarmpits,2023-03-07T17:59:08.0170000+00:00,0
assistantweeby,2023-03-07T17:59:11.6470000+00:00,0
capsador,2023-03-07T17:59:14.8410000+00:00,0
enomagla,2023-03-07T17:59:15.0270000+00:00,1
meta_magician,2023-03-07T17:59:16.5850000+00:00,0
babypigman,2023-03-07T17:59:19.8290000+00:00,0
crazywik,2023-03-07T17:59:23.5450000+00:00,0
caputtes,2023-03-07T17:59:24.5590000+00:00,0
sakubigryphon,2023-03-07T17:59:25.4030000+00:00,0
henrywayat,2023-03-07T17:59:31.6460000+00:00,0
meta_magician,2023-03-07T17:59:31.7490000+00:00,0
aniforprez,2023-03-07T17:59:37.6410000+00:00,0
assistantweeby,2023-03-07T17:59:38.9210000+00:00,0
assistantweeby,2023-03-07T17:59:39.6610000+00:00,0
aniforprez,2023-03-07T17:59:41.5150000+00:00,0
elliekiss,2023-03-07T17:59:46.7630000+00:00,0
meta_magician,2023-03-07T17:59:52.1940000+00:00,0
aniforprez,2023-03-07T17:59:55.7970000+00:00,0
sakubigryphon,2023-03-07T18:00:01.8020000+00:00,0
tisaric,2023-03-07T18:00:03.8540000+00:00,0
elliekiss,2023-03-07T18:00:09.5210000+00:00,0
gordotforrot,2023-03-07T18:00:25.0670000+00:00,0
gordotforrot,2023-03-07T18:00:26.9870000+00:00,0
assistantweeby,2023-03-07T18:00:29.8780000+00:00,0
crazywik,2023-03-07T18:00:35.8600000+00:00,0
aniforprez,2023-03-07T18:00:44.7410000+00:00,0
meta_magician,2023-03-07T18:00:50.8290000+00:00,0
assistantweeby,2023-03-07T18:00:52.3190000+00:00,0
assistantweeby,2023-03-07T18:00:53.6180000+00:00,0
assistantweeby,2023-03-07T18:00:56.2510000+00:00,0
gordotforrot,2023-03-07T18:00:58.6090000+00:00,0
babypigman,2023-03-07T18:01:03.9260000+00:00,0
babypigman,2023-03-07T18:01:19.9200000+00:00,0
caputtes,2023-03-07T18:01:38.5350000+00:00,0
aniforprez,2023-03-07T18:01:39.6350000+00:00,0
meta_magician,2023-03-07T18:01:57.8580000+00:00,0
meta_magician,2023-03-07T18:02:06.9320000+00:00,0
tisaric,2023-03-07T18:02:08.0180000+00:00,0
meta_magician,2023-03-07T18:02:14.0730000+00:00,0
meta_magician,2023-03-07T18:02:25.8930000+00:00,0
madbuk,2023-03-07T18:02:26.8410000+00:00,0
zargy,2023-03-07T18:02:32.0850000+00:00,0
sakubigryphon,2023-03-07T18:02:33.3340000+00:00,0
madbuk,2023-03-07T18:02:33.5920000+00:00,0
madbuk,2023-03-07T18:02:34.4650000+00:00,0
_naya_,2023-03-07T18:02:34.7140000+00:00,0
caputtes,2023-03-07T18:02:35.8320000+00:00,0
aloname,2023-03-07T18:02:36.7460000+00:00,0
_naya_,2023-03-07T18:02:38.2230000+00:00,0
eterna1ice,2023-03-07T18:02:38.6060000+00:00,0
_naya_,2023-03-07T18:02:39.8960000+00:00,0
caputtes,2023-03-07T18:02:52.2240000+00:00,0
crazywik,2023-03-07T18:03:02.6740000+00:00,0
aloname,2023-03-07T18:03:33.6360000+00:00,0
folderol_,2023-03-07T18:03:35.3120000+00:00,0
sakubigryphon,2023-03-07T18:03:46.1750000+00:00,0
caputtes,2023-03-07T18:03:49.3960000+00:00,0
sakubigryphon,2023-03-07T18:03:50.9380000+00:00,0
meta_magician,2023-03-07T18:04:07.5800000+00:00,0
kappacalculus,2023-03-07T18:04:08.1960000+00:00,0
madbuk,2023-03-07T18:04:14.1160000+00:00,6
meta_magician,2023-03-07T18:04:32.4830000+00:00,0
brokenalex1048,2023-03-07T18:04:33.6430000+00:00,0
gordotforrot,2023-03-07T18:04:40.5640000+00:00,0
caputtes,2023-03-07T18:04:52.3550000+00:00,1
robert6917,2023-03-07T18:04:54.3810000+00:00,0
caputtes,2023-03-07T18:04:59.9620000+00:00,0
sakubigryphon,2023-03-07T18:05:01.3180000+00:00,0
aniforprez,2023-03-07T18:05:03.5220000+00:00,0
caputtes,2023-03-07T18:05:04.7760000+00:00,0
maxaika,2023-03-07T18:05:05.3440000+00:00,0
aniforprez,2023-03-07T18:05:08.8640000+00:00,0
assistantweeby,2023-03-07T18:05:12.5460000+00:00,0
gordotforrot,2023-03-07T18:05:13.7750000+00:00,0
nagitosweatyarmpits,2023-03-07T18:05:14.7690000+00:00,0
gordotforrot,2023-03-07T18:05:17.9180000+00:00,0
tisaric,2023-03-07T18:05:18.7520000+00:00,0
capsador,2023-03-07T18:05:19.4170000+00:00,0
assistantweeby,2023-03-07T18:05:23.7650000+00:00,0
brokenalex1048,2023-03-07T18:05:27.5620000+00:00,0
caputtes,2023-03-07T18:05:32.3740000+00:00,0
brokenalex1048,2023-03-07T18:05:32.4750000+00:00,0
eta8,2023-03-07T18:05:36.3180000+00:00,0
sakubigryphon,2023-03-07T18:05:38.2390000+00:00,0
caputtes,2023-03-07T18:05:53.5210000+00:00,0
assistantweeby,2023-03-07T18:05:54.4120000+00:00,0
nomephit,2023-03-07T18:06:03.2740000+00:00,0
nomephit,2023-03-07T18:06:13.7850000+00:00,0
gordotforrot,2023-03-07T18:06:23.5020000+00:00,0
tisaric,2023-03-07T18:06:44.1140000+00:00,0
caputtes,2023-03-07T18:06:45.3500000+00:00,0
botcommander,2023-03-07T18:06:56.4020000+00:00,0
aniforprez,2023-03-07T18:06:57.0780000+00:00,0
gordotforrot,2023-03-07T18:07:01.5240000+00:00,0
caputtes,2023-03-07T18:07:19.9880000+00:00,0
assistantweeby,2023-03-07T18:07:20.0970000+00:00,0
aniforprez,2023-03-07T18:07:46.7840000+00:00,0
aniforprez,2023-03-07T18:07:51.5170000+00:00,0
caputtes,2023-03-07T18:07:58.4540000+00:00,0
sakubigryphon,2023-03-07T18:08:02.8520000+00:00,7
capsador,2023-03-07T18:08:41.4090000+00:00,0
sakubigryphon,2023-03-07T18:08:43.6840000+00:00,0
capsador,2023-03-07T18:08:47.3460000+00:00,0
gordotforrot,2023-03-07T18:08:51.1640000+00:00,0
eterna1ice,2023-03-07T18:08:54.5590000+00:00,0
maxaika,2023-03-07T18:09:20.3410000+00:00,0
omariandisco,2023-03-07T18:09:21.9580000+00:00,1
aniforprez,2023-03-07T18:09:29.9910000+00:00,0
gordotforrot,2023-03-07T18:09:39.8590000+00:00,0
caputtes,2023-03-07T18:09:52.9490000+00:00,0
gordotforrot,2023-03-07T18:10:37.4690000+00:00,1
botcommander,2023-03-07T18:10:54.3660000+00:00,0
nagitosweatyarmpits,2023-03-07T18:11:12.1940000+00:00,0
hypotheticalwalrus,2023-03-07T18:11:31.1510000+00:00,0
caputtes,2023-03-07T18:11:35.5430000+00:00,0
aniforprez,2023-03-07T18:11:42.3440000+00:00,0
botcommander,2023-03-07T18:11:52.4160000+00:00,0
assistantweeby,2023-03-07T18:11:53.6840000+00:00,0
aniforprez,2023-03-07T18:11:54.9190000+00:00,0
caputtes,2023-03-07T18:12:05.5150000+00:00,0
botcommander,2023-03-07T18:12:07.1290000+00:00,0
meta_magician,2023-03-07T18:12:43.3390000+00:00,0
sakubigryphon,2023-03-07T18:12:45.4360000+00:00,0
assistantweeby,2023-03-07T18:12:46.8930000+00:00,0
aniforprez,2023-03-07T18:13:01.2010000+00:00,0
meta_magician,2023-03-07T18:13:03.0810000+00:00,0
sakubigryphon,2023-03-07T18:13:08.5750000+00:00,0
caputtes,2023-03-07T18:13:18.6870000+00:00,0
aniforprez,2023-03-07T18:13:28.3080000+00:00,0
gordotforrot,2023-03-07T18:13:46.8030000+00:00,0
aniforprez,2023-03-07T18:13:54.2490000+00:00,0
aniforprez,2023-03-07T18:14:07.4930000+00:00,0
caputtes,2023-03-07T18:14:18.5340000+00:00,0
hypotheticalwalrus,2023-03-07T18:14:33.4870000+00:00,0
gordotforrot,2023-03-07T18:14:42.9260000+00:00,0
hypotheticalwalrus,2023-03-07T18:15:15.1460000+00:00,1
caputtes,2023-03-07T18:15:44.6300000+00:00,0
hypotheticalwalrus,2023-03-07T18:16:05.8290000+00:00,0
hypotheticalwalrus,2023-03-07T18:16:28.3520000+00:00,0
caputtes,2023-03-07T18:17:03.9050000+00:00,0
nomephit,2023-03-07T18:17:07.5880000+00:00,0
wylster,2023-03-07T18:17:09.3390000+00:00,0
sakubigryphon,2023-03-07T18:17:22.6720000+00:00,1
avarisi,2023-03-07T18:17:40.1610000+00:00,0
madbuk,2023-03-07T18:17:47.3160000+00:00,0
wylster,2023-03-07T18:17:53.6440000+00:00,0
aniforprez,2023-03-07T18:18:03.6520000+00:00,0
caputtes,2023-03-07T18:18:06.6050000+00:00,0
aniforprez,2023-03-07T18:18:22.5200000+00:00,0
nomephit,2023-03-07T18:18:37.3770000+00:00,0
sakubigryphon,2023-03-07T18:18:40.0110000+00:00,0
madbuk,2023-03-07T18:18:51.7210000+00:00,0
aniforprez,2023-03-07T18:19:06.2820000+00:00,0
aniforprez,2023-03-07T18:19:11.3210000+00:00,0
aniforprez,2023-03-07T18:19:21.0540000+00:00,0
caputtes,2023-03-07T18:19:27.8600000+00:00,0
aniforprez,2023-03-07T18:19:29.2510000+00:00,0
madbuk,2023-03-07T18:20:05.6900000+00:00,0
aniforprez,2023-03-07T18:20:45.5610000+00:00,0
botcommander,2023-03-07T18:20:53.2170000+00:00,0
caputtes,2023-03-07T18:21:03.3680000+00:00,0
madbuk,2023-03-07T18:21:03.8110000+00:00,0
botcommander,2023-03-07T18:21:10.9870000+00:00,0
botcommander,2023-03-07T18:21:14.0190000+00:00,0
madbuk,2023-03-07T18:21:17.9030000+00:00,0
madbuk,2023-03-07T18:21:23.6000000+00:00,0
sakubigryphon,2023-03-07T18:21:41.0770000+00:00,0
aniforprez,2023-03-07T18:21:46.6110000+00:00,0
caputtes,2023-03-07T18:21:57.5370000+00:00,0
aniforprez,2023-03-07T18:21:58.7170000+00:00,0
umbrene,2023-03-07T18:22:00.3200000+00:00,0
botcommander,2023-03-07T18:22:02.6740000+00:00,0
aniforprez,2023-03-07T18:22:03.0860000+00:00,0
madbuk,2023-03-07T18:22:18.9160000+00:00,0
sakubigryphon,2023-03-07T18:22:18.9550000+00:00,0
madbuk,2023-03-07T18:22:23.3130000+00:00,0
assistantweeby,2023-03-07T18:23:47.0130000+00:00,0
aniforprez,2023-03-07T18:24:28.6770000+00:00,0
madbuk,2023-03-07T18:24:30.5600000+00:00,0
sakubigryphon,2023-03-07T18:24:48.0860000+00:00,0
aniforprez,2023-03-07T18:25:06.0530000+00:00,0
caputtes,2023-03-07T18:25:20.1830000+00:00,0
sakubigryphon,2023-03-07T18:25:26.6550000+00:00,0
aniforprez,2023-03-07T18:25:49.0640000+00:00,0
eterna1ice,2023-03-07T18:25:57.2790000+00:00,0
aniforprez,2023-03-07T18:26:03.6950000+00:00,0
caputtes,2023-03-07T18:26:24.3950000+00:00,0
aniforprez,2023-03-07T18:27:25.8110000+00:00,0
aniforprez,2023-03-07T18:27:36.2430000+00:00,0
aniforprez,2023-03-07T18:28:01.9580000+00:00,0
aniforprez,2023-03-07T18:28:06.3900000+00:00,0
caputtes,2023-03-07T18:28:26.2920000+00:00,0
caputtes,2023-03-07T18:29:29.5300000+00:00,0
caputtes,2023-03-07T18:29:44.7540000+00:00,0
assistantweeby,2023-03-07T18:30:05.2050000+00:00,0
aniforprez,2023-03-07T18:30:07.2730000+00:00,0
sakubigryphon,2023-03-07T18:30:17.3870000+00:00,0
caputtes,2023-03-07T18:30:25.8890000+00:00,0
sakubigryphon,2023-03-07T18:30:27.0190000+00:00,0
nagitosweatyarmpits,2023-03-07T18:31:18.9610000+00:00,0
caputtes,2023-03-07T18:31:21.0320000+00:00,0
nagitosweatyarmpits,2023-03-07T18:31:35.9290000+00:00,0
caputtes,2023-03-07T18:31:38.4470000+00:00,0
sakubigryphon,2023-03-07T18:31:45.3240000+00:00,0
caputtes,2023-03-07T18:32:09.5210000+00:00,0
aniforprez,2023-03-07T18:32:23.8490000+00:00,0
aniforprez,2023-03-07T18:32:33.4780000+00:00,0
caputtes,2023-03-07T18:32:51.4700000+00:00,0
sakubigryphon,2023-03-07T18:33:17.0950000+00:00,0
aniforprez,2023-03-07T18:34:17.9970000+00:00,0
kappacalculus,2023-03-07T18:35:55.9830000+00:00,0
kappacalculus,2023-03-07T18:36:10.1170000+00:00,0
kappacalculus,2023-03-07T18:36:15.9450000+00:00,0
botcommander,2023-03-07T18:36:56.5510000+00:00,0
botcommander,2023-03-07T18:37:09.9250000+00:00,0
aniforprez,2023-03-07T18:37:25.3630000+00:00,0
sakubigryphon,2023-03-07T18:37:29.3230000+00:00,0
botcommander,2023-03-07T18:37:59.8870000+00:00,2
kappacalculus,2023-03-07T18:38:41.7010000+00:00,0
kappacalculus,2023-03-07T18:38:51.6960000+00:00,0
aniforprez,2023-03-07T18:39:05.7860000+00:00,0
kappacalculus,2023-03-07T18:39:21.7690000+00:00,0
aniforprez,2023-03-07T18:39:27.7690000+00:00,0
aniforprez,2023-03-07T18:39:29.4330000+00:00,0
kappacalculus,2023-03-07T18:39:30.7790000+00:00,0
botcommander,2023-03-07T18:40:47.9570000+00:00,0
caputtes,2023-03-07T18:40:50.4810000+00:00,0
lethescheinen,2023-03-07T18:40:53.4500000+00:00,0
capsador,2023-03-07T18:41:21.8920000+00:00,6
kappacalculus,2023-03-07T18:41:28.8580000+00:00,0
sqrrk,2023-03-07T18:41:36.6720000+00:00,0
aniforprez,2023-03-07T18:41:51.9640000+00:00,0
capsador,2023-03-07T18:41:57.6020000+00:00,0
sakubigryphon,2023-03-07T18:42:22.4190000+00:00,0
aniforprez,2023-03-07T18:42:38.4650000+00:00,0
aniforprez,2023-03-07T18:43:09.0400000+00:00,0
sakubigryphon,2023-03-07T18:43:29.9960000+00:00,0
aniforprez,2023-03-07T18:43:41.8110000+00:00,0
aniforprez,2023-03-07T18:43:53.7200000+00:00,0
sakubigryphon,2023-03-07T18:43:54.0330000+00:00,0
henrywayat,2023-03-07T18:44:01.2380000+00:00,0
aniforprez,2023-03-07T18:44:27.7210000+00:00,0
capsador,2023-03-07T18:44:41.6620000+00:00,0
henrywayat,2023-03-07T18:44:48.8800000+00:00,0
henrywayat,2023-03-07T18:45:25.0640000+00:00,0
xephorix512,2023-03-07T18:45:49.0660000+00:00,0
sakubigryphon,2023-03-07T18:46:03.6660000+00:00,0
kappacalculus,2023-03-07T18:47:12.4400000+00:00,0
aniforprez,2023-03-07T18:47:15.6140000+00:00,0
sakubigryphon,2023-03-07T18:47:46.7770000+00:00,0
sakubigryphon,2023-03-07T18:48:19.6890000+00:00,0
assistantweeby,2023-03-07T18:48:24.0560000+00:00,0
eterna1ice,2023-03-07T18:48:25.6010000+00:00,0
sakubigryphon,2023-03-07T18:49:18.0260000+00:00,0
caputtes,2023-03-07T18:49:50.5630000+00:00,0
caputtes,2023-03-07T18:50:04.6300000+00:00,0
gordotforrot,2023-03-07T18:50:07.0100000+00:00,0
caputtes,2023-03-07T18:50:12.6190000+00:00,0
kappacalculus,2023-03-07T18:50:12.9710000+00:00,0
tisaric,2023-03-07T18:50:15.2630000+00:00,0
gordotforrot,2023-03-07T18:50:16.9380000+00:00,0
tisaric,2023-03-07T18:50:18.9740000+00:00,0
thetntm,2023-03-07T18:50:19.0890000+00:00,0
caputtes,2023-03-07T18:50:20.1490000+00:00,0
thetntm,2023-03-07T18:50:22.3250000+00:00,0
caputtes,2023-03-07T18:50:26.8040000+00:00,0
zargy,2023-03-07T18:50:27.1490000+00:00,0
zargy,2023-03-07T18:50:29.1660000+00:00,0
aniforprez,2023-03-07T18:50:52.3580000+00:00,0
aniforprez,2023-03-07T18:50:54.3290000+00:00,0
sakubigryphon,2023-03-07T18:51:11.7480000+00:00,0
sakubigryphon,2023-03-07T18:51:19.9270000+00:00,0
caputtes,2023-03-07T18:51:20.9140000+00:00,0
sqrrk,2023-03-07T18:51:45.6790000+00:00,0
gordotforrot,2023-03-07T18:52:00.3560000+00:00,0
sqrrk,2023-03-07T18:52:01.6810000+00:00,0
kappacalculus,2023-03-07T18:52:07.8660000+00:00,0
caputtes,2023-03-07T18:52:19.8200000+00:00,0
aerolfos,2023-03-07T18:52:52.2550000+00:00,4
aerolfos,2023-03-07T18:53:01.0890000+00:00,0
caputtes,2023-03-07T18:54:17.0340000+00:00,0
zargy,2023-03-07T18:54:23.1980000+00:00,0
aniforprez,2023-03-07T18:54:30.0730000+00:00,0
gordotforrot,2023-03-07T18:54:35.8290000+00:00,0
caputtes,2023-03-07T18:54:47.9030000+00:00,0
capsador,2023-03-07T18:54:59.1050000+00:00,0
aerolfos,2023-03-07T18:55:08.5440000+00:00,0
anumess,2023-03-07T18:55:12.5650000+00:00,0
caputtes,2023-03-07T18:55:14.4890000+00:00,0
sakubigryphon,2023-03-07T18:55:27.3940000+00:00,0
caputtes,2023-03-07T18:55:32.5330000+00:00,0
caputtes,2023-03-07T18:55:43.4650000+00:00,0
kappacalculus,2023-03-07T18:57:50.0980000+00:00,0
caputtes,2023-03-07T18:58:05.8390000+00:00,0
sakubigryphon,2023-03-07T18:58:13.2820000+00:00,0
caputtes,2023-03-07T18:59:02.2900000+00:00,0
caputtes,2023-03-07T18:59:06.0970000+00:00,0
sakubigryphon,2023-03-07T18:59:08.9310000+00:00,0
caputtes,2023-03-07T18:59:36.9450000+00:00,2
aniforprez,2023-03-07T18:59:54.2850000+00:00,0
assistantweeby,2023-03-07T18:59:58.3120000+00:00,0
aniforprez,2023-03-07T19:00:02.4950000+00:00,0
assistantweeby,2023-03-07T19:00:03.2070000+00:00,0
caputtes,2023-03-07T19:00:15.5050000+00:00,0
kappacalculus,2023-03-07T19:00:28.0220000+00:00,0
kappacalculus,2023-03-07T19:00:31.0230000+00:00,0
caputtes,2023-03-07T19:00:41.7290000+00:00,0
sakubigryphon,2023-03-07T19:02:50.7810000+00:00,0
caputtes,2023-03-07T19:03:19.1640000+00:00,0
aniforprez,2023-03-07T19:04:19.8780000+00:00,0
caputtes,2023-03-07T19:05:08.4260000+00:00,0
aniforprez,2023-03-07T19:05:39.6750000+00:00,0
sakubigryphon,2023-03-07T19:05:42.2280000+00:00,0
brokenalex1048,2023-03-07T19:05:49.6350000+00:00,0
sakubigryphon,2023-03-07T19:05:53.4720000+00:00,0
brokenalex1048,2023-03-07T19:05:59.1010000+00:00,0
caputtes,2023-03-07T19:06:01.4540000+00:00,0
aniforprez,2023-03-07T19:06:13.9150000+00:00,0
aniforprez,2023-03-07T19:06:24.8220000+00:00,0
brokenalex1048,2023-03-07T19:06:30.5030000+00:00,0
brokenalex1048,2023-03-07T19:06:44.5360000+00:00,0
caputtes,2023-03-07T19:07:10.2730000+00:00,0
sakubigryphon,2023-03-07T19:07:37.2880000+00:00,0
capsador,2023-03-07T19:07:49.0280000+00:00,0
capsador,2023-03-07T19:07:51.5340000+00:00,0
brokenalex1048,2023-03-07T19:07:54.9190000+00:00,0
caputtes,2023-03-07T19:07:55.7930000+00:00,0
kappacalculus,2023-03-07T19:08:16.6340000+00:00,0
sakubigryphon,2023-03-07T19:08:22.7460000+00:00,0
caputtes,2023-03-07T19:08:57.7830000+00:00,0
sakubigryphon,2023-03-07T19:09:29.5990000+00:00,0
assistantweeby,2023-03-07T19:11:23.4100000+00:00,0
assistantweeby,2023-03-07T19:11:24.8700000+00:00,0
sakubigryphon,2023-03-07T19:11:38.0260000+00:00,0
assistantweeby,2023-03-07T19:11:44.1070000+00:00,0
assistantweeby,2023-03-07T19:11:57.0840000+00:00,0
sakubigryphon,2023-03-07T19:12:31.6720000+00:00,0
caputtes,2023-03-07T19:15:21.9910000+00:00,0
kappacalculus,2023-03-07T19:16:33.8450000+00:00,0
aniforprez,2023-03-07T19:16:47.5360000+00:00,0
caputtes,2023-03-07T19:17:04.7660000+00:00,1
caputtes,2023-03-07T19:17:26.9670000+00:00,0
aniforprez,2023-03-07T19:17:40.5670000+00:00,0
caputtes,2023-03-07T19:17:50.5950000+00:00,0
aniforprez,2023-03-07T19:17:54.7050000+00:00,0
brokenalex1048,2023-03-07T19:18:17.1980000+00:00,0
aniforprez,2023-03-07T19:18:34.1470000+00:00,0
brokenalex1048,2023-03-07T19:18:44.7620000+00:00,0
capsador,2023-03-07T19:19:07.0200000+00:00,5
aniforprez,2023-03-07T19:20:11.8760000+00:00,0
kappacalculus,2023-03-07T19:20:31.9360000+00:00,0
caputtes,2023-03-07T19:20:36.9280000+00:00,0
kappacalculus,2023-03-07T19:20:42.4980000+00:00,0
caputtes,2023-03-07T19:21:11.3810000+00:00,4
sakubigryphon,2023-03-07T19:23:14.7220000+00:00,9
kappacalculus,2023-03-07T19:23:20.9680000+00:00,0
caputtes,2023-03-07T19:23:58.6900000+00:00,0
sakubigryphon,2023-03-07T19:24:30.7100000+00:00,0
caputtes,2023-03-07T19:24:59.6860000+00:00,0
aerolfos,2023-03-07T19:26:07.9240000+00:00,0
aerolfos,2023-03-07T19:26:19.1080000+00:00,0
caputtes,2023-03-07T19:26:26.1040000+00:00,0
sakubigryphon,2023-03-07T19:26:28.4230000+00:00,0
aniforprez,2023-03-07T19:26:59.9370000+00:00,0
caputtes,2023-03-07T19:27:00.6910000+00:00,0
sakubigryphon,2023-03-07T19:28:05.7980000+00:00,0
caputtes,2023-03-07T19:28:08.1230000+00:00,0
caputtes,2023-03-07T19:28:48.2960000+00:00,0
assistantweeby,2023-03-07T19:28:58.7260000+00:00,0
tisaric,2023-03-07T19:29:07.6100000+00:00,0
kravixion,2023-03-07T19:29:13.7260000+00:00,0
tisaric,2023-03-07T19:29:25.3830000+00:00,2
caputtes,2023-03-07T19:29:55.3580000+00:00,0
assistantweeby,2023-03-07T19:30:17.2650000+00:00,0
sakubigryphon,2023-03-07T19:31:11.3300000+00:00,0
caputtes,2023-03-07T19:31:14.1060000+00:00,0
luna.panda,2023-03-07T19:31:37.9650000+00:00,0
sakubigryphon,2023-03-07T19:31:46.3780000+00:00,0
aniforprez,2023-03-07T19:32:23.5870000+00:00,0
caputtes,2023-03-07T19:32:27.4460000+00:00,0
tisaric,2023-03-07T19:33:18.4010000+00:00,0
aniforprez,2023-03-07T19:33:34.8540000+00:00,0
aniforprez,2023-03-07T19:33:50.9770000+00:00,0
caputtes,2023-03-07T19:33:59.0590000+00:00,0
caputtes,2023-03-07T19:34:06.7890000+00:00,0
tisaric,2023-03-07T19:34:20.0280000+00:00,0
caputtes,2023-03-07T19:34:43.6670000+00:00,0
caputtes,2023-03-07T19:35:29.6830000+00:00,0
aniforprez,2023-03-07T19:36:09.2920000+00:00,0
sakubigryphon,2023-03-07T19:38:37.9460000+00:00,0
aniforprez,2023-03-07T19:39:00.3340000+00:00,0
wylster,2023-03-07T19:40:41.0810000+00:00,0
aerolfos,2023-03-07T19:42:45.5770000+00:00,0
robert6917,2023-03-07T19:44:28.1740000+00:00,0
sakubigryphon,2023-03-07T19:44:42.9550000+00:00,0
meta_magician,2023-03-07T19:51:02.0980000+00:00,0
aniforprez,2023-03-07T19:52:51.2760000+00:00,0
eterna1ice,2023-03-07T19:55:19.3140000+00:00,0
sakubigryphon,2023-03-07T19:59:10.6660000+00:00,0
assistantweeby,2023-03-07T20:00:27.7590000+00:00,0
assistantweeby,2023-03-07T20:00:29.7040000+00:00,0
assistantweeby,2023-03-07T20:00:31.0370000+00:00,0
hypotheticalwalrus,2023-03-07T20:06:02.6890000+00:00,0
hypotheticalwalrus,2023-03-07T20:08:49.5600000+00:00,0
hypotheticalwalrus,2023-03-07T20:08:54.8220000+00:00,0
sakubigryphon,2023-03-07T20:10:09.3860000+00:00,0
eterna1ice,2023-03-07T20:11:57.7130000+00:00,0
madbuk,2023-03-07T20:13:38.1040000+00:00,0
madbuk,2023-03-07T20:14:27.7420000+00:00,0
assistantweeby,2023-03-07T20:14:53.3440000+00:00,0
sakubigryphon,2023-03-07T20:15:48.6940000+00:00,0
aniforprez,2023-03-07T20:21:09.2140000+00:00,0
kappacalculus,2023-03-07T20:22:03.4940000+00:00,0
aniforprez,2023-03-07T20:24:02.2570000+00:00,0
aniforprez,2023-03-07T20:24:03.8440000+00:00,0
eterna1ice,2023-03-07T20:25:36.6390000+00:00,0
aniforprez,2023-03-07T20:25:47.7720000+00:00,0
sakubigryphon,2023-03-07T20:28:41.6020000+00:00,0
bigtiddymothgf,2023-03-07T20:29:04.7100000+00:00,0
aniforprez,2023-03-07T20:29:12.4740000+00:00,0
bigtiddymothgf,2023-03-07T20:29:13.6200000+00:00,0
sakubigryphon,2023-03-07T20:29:18.9120000+00:00,0
aniforprez,2023-03-07T20:29:20.6900000+00:00,0
bigtiddymothgf,2023-03-07T20:29:21.6420000+00:00,0
brokenalex1048,2023-03-07T20:34:56.4520000+00:00,0
maxaika,2023-03-07T20:35:07.3540000+00:00,0
sakubigryphon,2023-03-07T20:35:13.3700000+00:00,0
brokenalex1048,2023-03-07T20:35:17.3960000+00:00,0
maxaika,2023-03-07T20:35:20.7150000+00:00,0
brokenalex1048,2023-03-07T20:35:24.4680000+00:00,0
brokenalex1048,2023-03-07T20:35:29.0430000+00:00,0
maxaika,2023-03-07T20:35:35.4660000+00:00,0
maxaika,2023-03-07T20:35:42.2420000+00:00,0
brokenalex1048,2023-03-07T20:35:48.5620000+00:00,0
aniforprez,2023-03-07T20:35:52.3690000+00:00,0
maxaika,2023-03-07T20:36:01.6940000+00:00,0
aniforprez,2023-03-07T20:36:10.2810000+00:00,0
brokenalex1048,2023-03-07T20:36:17.1000000+00:00,0
brokenalex1048,2023-03-07T20:36:24.3690000+00:00,0
sakubigryphon,2023-03-07T20:36:31.7630000+00:00,0
brokenalex1048,2023-03-07T20:36:43.1350000+00:00,0
eterna1ice,2023-03-07T20:39:09.2960000+00:00,0
brokenalex1048,2023-03-07T20:39:40.1350000+00:00,1
maxaika,2023-03-07T20:40:14.7870000+00:00,0
maxaika,2023-03-07T20:41:18.7470000+00:00,0
eterna1ice,2023-03-07T20:41:46.4570000+00:00,0
sakubigryphon,2023-03-07T20:41:51.3770000+00:00,0
maxaika,2023-03-07T20:42:26.0540000+00:00,0
maxaika,2023-03-07T20:42:58.4800000+00:00,0
sakubigryphon,2023-03-07T20:43:33.2940000+00:00,0
maxaika,2023-03-07T20:44:15.4760000+00:00,1
maxaika,2023-03-07T20:53:31.9740000+00:00,0
robert6917,2023-03-07T20:55:29.7290000+00:00,0
robert6917,2023-03-07T20:55:37.7190000+00:00,0
maxaika,2023-03-07T20:55:54.3900000+00:00,0
robert6917,2023-03-07T20:56:03.5750000+00:00,0
maxaika,2023-03-07T20:56:18.5730000+00:00,0
robert6917,2023-03-07T20:56:30.4530000+00:00,0
robert6917,2023-03-07T20:56:48.3500000+00:00,0
maxaika,2023-03-07T20:57:17.3340000+00:00,0
sciembe,2023-03-07T20:57:45.3110000+00:00,0
maxaika,2023-03-07T20:58:09.4820000+00:00,0
maxaika,2023-03-07T20:58:11.0830000+00:00,0
robert6917,2023-03-07T20:58:24.1320000+00:00,0
sakubigryphon,2023-03-07T20:58:25.8170000+00:00,0
robert6917,2023-03-07T20:58:43.1680000+00:00,0
robert6917,2023-03-07T20:58:58.6040000+00:00,0
maxaika,2023-03-07T20:59:20.2950000+00:00,0
sakubigryphon,2023-03-07T20:59:22.3420000+00:00,1
robert6917,2023-03-07T21:01:42.9060000+00:00,0
sciembe,2023-03-07T21:01:50.2050000+00:00,0
sciembe,2023-03-07T21:01:53.9390000+00:00,0
sakubigryphon,2023-03-07T21:02:22.3030000+00:00,0
sciembe,2023-03-07T21:03:05.3380000+00:00,3
sciembe,2023-03-07T21:03:10.6350000+00:00,0
sakubigryphon,2023-03-07T21:03:16.5120000+00:00,0
maxaika,2023-03-07T21:03:32.7520000+00:00,0
maxaika,2023-03-07T21:03:45.3160000+00:00,0
sakubigryphon,2023-03-07T21:08:30.2510000+00:00,0
aerolfos,2023-03-07T21:08:54.7190000+00:00,2
sciembe,2023-03-07T21:26:33.9260000+00:00,0
sakubigryphon,2023-03-07T21:26:54.3250000+00:00,0
botcommander,2023-03-07T21:30:23.1400000+00:00,0
botcommander,2023-03-07T21:30:26.6170000+00:00,0
sakubigryphon,2023-03-07T21:31:19.3890000+00:00,1
eterna1ice,2023-03-07T21:35:29.8600000+00:00,0
mks5000,2023-03-07T21:57:44.7330000+00:00,0
henrywayat,2023-03-07T22:31:10.7630000+00:00,0
jaxo__o,2023-03-07T22:46:22.2850000+00:00,0
jaxo__o,2023-03-07T22:46:37.7170000+00:00,0
capsador,2023-03-07T22:48:52.0250000+00:00,0
fka_s2,2023-03-08T02:47:36.0500000+00:00,0
fka_s2,2023-03-08T02:47:43.2930000+00:00,3
aniforprez,2023-03-08T03:54:39.9550000+00:00,0
aniforprez,2023-03-08T03:54:47.2020000+00:00,0
ironrath,2023-03-08T04:21:45.9110000+00:00,0
aniforprez,2023-03-08T04:48:32.4790000+00:00,0
aniforprez,2023-03-08T04:48:37.6180000+00:00,0
iwayuru,2023-03-08T05:04:49.8560000+00:00,0
ironrath,2023-03-08T05:15:23.7290000+00:00,0
iwayuru,2023-03-08T05:18:22.1740000+00:00,0
iwayuru,2023-03-08T05:18:35.7010000+00:00,0
thetntm,2023-03-08T05:22:09.4200000+00:00,0
iwayuru,2023-03-08T05:25:01.7780000+00:00,0
thetntm,2023-03-08T05:31:29.6240000+00:00,0
iwayuru,2023-03-08T05:31:54.3300000+00:00,0
ironrath,2023-03-08T05:31:54.5240000+00:00,0
iwayuru,2023-03-08T05:32:00.2450000+00:00,0
iwayuru,2023-03-08T05:32:09.2750000+00:00,0
iwayuru,2023-03-08T05:32:32.5500000+00:00,0
thetntm,2023-03-08T05:36:39.9940000+00:00,0
thetntm,2023-03-08T05:36:50.0080000+00:00,0
wherewishescome,2023-03-08T05:48:45.0730000+00:00,0
iwayuru,2023-03-08T05:49:51.0690000+00:00,0
iwayuru,2023-03-08T05:49:54.3120000+00:00,0
ironrath,2023-03-08T06:20:58.7880000+00:00,0
ironrath,2023-03-08T06:22:34.1130000+00:00,0
ironrath,2023-03-08T06:23:19.9940000+00:00,0
ironrath,2023-03-08T06:24:29.8970000+00:00,0
iwayuru,2023-03-08T06:29:01.3240000+00:00,0
iwayuru,2023-03-08T06:29:06.6800000+00:00,0
iwayuru,2023-03-08T06:30:26.8740000+00:00,0
sciembe,2023-03-08T06:30:50.1840000+00:00,0
ironrath,2023-03-08T06:32:59.8040000+00:00,0
thetntm,2023-03-08T07:12:20.1350000+00:00,0
thetntm,2023-03-08T07:12:58.3410000+00:00,0
thetntm,2023-03-08T07:13:13.6880000+00:00,0
thetntm,2023-03-08T07:14:02.0550000+00:00,0
kiwimeowahura,2023-03-08T07:40:48.1180000+00:00,0
paddele,2023-03-08T07:42:26.7250000+00:00,0
iwayuru,2023-03-08T07:45:48.0500000+00:00,0
iwayuru,2023-03-08T07:45:51.6960000+00:00,0
fancyprince,2023-03-08T07:59:25.1610000+00:00,0
fancyprince,2023-03-08T07:59:36.8080000+00:00,0
aniforprez,2023-03-08T13:04:10.3140000+00:00,0
aniforprez,2023-03-08T13:04:18.5970000+00:00,0
aniforprez,2023-03-08T13:04:33.8910000+00:00,0
iwayuru,2023-03-08T13:11:48.3230000+00:00,0
iwayuru,2023-03-08T13:11:52.5990000+00:00,0
paddele,2023-03-08T13:12:37.8320000+00:00,0
aniforprez,2023-03-08T13:24:21.9760000+00:00,0
aniforprez,2023-03-08T13:25:00.5100000+00:00,0
paddele,2023-03-08T13:37:13.7910000+00:00,0
nagitosweatyarmpits,2023-03-08T14:12:08.3760000+00:00,0
nagitosweatyarmpits,2023-03-08T14:12:10.7840000+00:00,0
paddele,2023-03-08T14:12:20.3450000+00:00,0
paddele,2023-03-08T14:12:24.0950000+00:00,0
nagitosweatyarmpits,2023-03-08T14:14:16.9970000+00:00,0
nagitosweatyarmpits,2023-03-08T14:18:33.5300000+00:00,0
nagitosweatyarmpits,2023-03-08T14:19:27.8740000+00:00,0
paddele,2023-03-08T14:25:25.1810000+00:00,0
iwayuru,2023-03-08T14:40:24.2740000+00:00,0
aniforprez,2023-03-08T14:40:25.2690000+00:00,0
thetntm,2023-03-08T14:58:11.6580000+00:00,0
thetntm,2023-03-08T14:59:27.1270000+00:00,0
aniforprez,2023-03-08T15:02:21.6620000+00:00,0
aniforprez,2023-03-08T15:02:39.4590000+00:00,0
aniforprez,2023-03-08T15:03:34.4720000+00:00,0
meta_magician,2023-03-08T15:03:41.3360000+00:00,0
aniforprez,2023-03-08T15:03:44.2380000+00:00,0
iwayuru,2023-03-08T15:04:00.1260000+00:00,0
aniforprez,2023-03-08T15:04:00.2750000+00:00,0
aniforprez,2023-03-08T15:04:41.4160000+00:00,0
meta_magician,2023-03-08T15:05:07.2070000+00:00,0
meta_magician,2023-03-08T15:05:10.6470000+00:00,0
thetntm,2023-03-08T15:05:23.8640000+00:00,0
iwayuru,2023-03-08T15:05:41.3910000+00:00,0
jonoridge,2023-03-08T15:06:34.1190000+00:00,0
aniforprez,2023-03-08T15:07:02.3540000+00:00,0
iwayuru,2023-03-08T15:07:16.4310000+00:00,0
thetntm,2023-03-08T15:07:28.0070000+00:00,0
aniforprez,2023-03-08T15:08:01.4890000+00:00,0
iwayuru,2023-03-08T15:08:09.4180000+00:00,0
iwayuru,2023-03-08T15:08:29.9460000+00:00,0
thetntm,2023-03-08T15:08:30.0400000+00:00,0
thetntm,2023-03-08T15:08:35.7640000+00:00,0
iwayuru,2023-03-08T15:08:46.2190000+00:00,0
iwayuru,2023-03-08T15:09:29.2270000+00:00,0
iwayuru,2023-03-08T15:09:30.8810000+00:00,0
thetntm,2023-03-08T15:09:55.7880000+00:00,0
thetntm,2023-03-08T15:10:41.4780000+00:00,0
iwayuru,2023-03-08T15:10:44.1350000+00:00,0
thetntm,2023-03-08T15:11:01.3340000+00:00,0
iwayuru,2023-03-08T15:11:26.0030000+00:00,0
iwayuru,2023-03-08T15:11:37.4400000+00:00,0
aniforprez,2023-03-08T15:11:38.5690000+00:00,0
aniforprez,2023-03-08T15:11:57.8440000+00:00,0
iwayuru,2023-03-08T15:12:30.5840000+00:00,0
iwayuru,2023-03-08T15:13:50.3760000+00:00,0
iwayuru,2023-03-08T15:21:41.8350000+00:00,0
iwayuru,2023-03-08T15:21:53.3370000+00:00,0
iwayuru,2023-03-08T15:22:25.9160000+00:00,0
iwayuru,2023-03-08T15:22:31.5660000+00:00,0
iwayuru,2023-03-08T15:23:42.5390000+00:00,0
iwayuru,2023-03-08T15:24:24.6830000+00:00,0
iwayuru,2023-03-08T15:25:18.9600000+00:00,0
iwayuru,2023-03-08T15:25:23.7150000+00:00,0
iwayuru,2023-03-08T15:25:53.8830000+00:00,0
thetntm,2023-03-08T17:00:22.6770000+00:00,0
thetntm,2023-03-08T17:00:52.7570000+00:00,0
thetntm,2023-03-08T17:01:32.2600000+00:00,0
mks5000,2023-03-08T17:17:08.4800000+00:00,0
mks5000,2023-03-08T17:17:15.6590000+00:00,0
mks5000,2023-03-08T17:17:29.3190000+00:00,0
aniforprez,2023-03-08T17:30:15.9840000+00:00,0
aniforprez,2023-03-08T17:30:27.2200000+00:00,0
aniforprez,2023-03-08T17:30:35.1200000+00:00,0
thetntm,2023-03-08T17:31:19.4000000+00:00,0
thetntm,2023-03-08T17:31:26.2620000+00:00,0
aniforprez,2023-03-08T17:31:30.8870000+00:00,0
thetntm,2023-03-08T17:31:33.3530000+00:00,0
aniforprez,2023-03-08T17:31:36.8720000+00:00,0
thetntm,2023-03-08T17:32:30.7800000+00:00,0
aniforprez,2023-03-08T17:32:57.9620000+00:00,0
aniforprez,2023-03-08T17:33:44.5480000+00:00,0
aniforprez,2023-03-08T17:34:24.1150000+00:00,0
aniforprez,2023-03-08T17:34:35.6380000+00:00,0
sakubigryphon,2023-03-08T17:44:07.9610000+00:00,0
aniforprez,2023-03-08T17:46:48.0100000+00:00,0
aniforprez,2023-03-08T17:47:19.8390000+00:00,0
botcommander,2023-03-08T17:56:17.2580000+00:00,0
thetntm,2023-03-08T17:56:33.8220000+00:00,0
fancyprince,2023-03-08T17:57:35.1270000+00:00,0
maxaika,2023-03-08T17:58:35.1420000+00:00,0
maxaika,2023-03-08T17:58:45.4130000+00:00,0
thetntm,2023-03-08T17:58:46.3120000+00:00,0
botcommander,2023-03-08T17:59:20.1490000+00:00,0
botcommander,2023-03-08T17:59:22.7290000+00:00,0
fancyprince,2023-03-08T18:01:10.2330000+00:00,0
thetntm,2023-03-08T18:02:03.5190000+00:00,0
fancyprince,2023-03-08T18:03:54.0370000+00:00,0
fancyprince,2023-03-08T18:04:13.5190000+00:00,0
thetntm,2023-03-08T18:05:07.7620000+00:00,0
fancyprince,2023-03-08T18:06:01.8640000+00:00,0
aniforprez,2023-03-09T03:41:39.0360000+00:00,0
transflag,2023-03-09T04:59:32.7710000+00:00,0
aniforprez,2023-03-09T05:25:20.0960000+00:00,0
aniforprez,2023-03-09T05:25:35.1520000+00:00,0
aniforprez,2023-03-09T05:25:53.2520000+00:00,0
aniforprez,2023-03-09T05:26:08.8420000+00:00,0
sciembe,2023-03-09T05:28:12.6960000+00:00,0
sciembe,2023-03-09T05:28:30.3030000+00:00,0
sciembe,2023-03-09T05:28:46.3760000+00:00,0
balticguy,2023-03-09T06:22:21.4150000+00:00,0
thetntm,2023-03-09T06:22:37.6920000+00:00,0
balticguy,2023-03-09T06:22:53.5190000+00:00,0
aniforprez,2023-03-09T06:22:58.5960000+00:00,0
balticguy,2023-03-09T06:23:23.3470000+00:00,0
aniforprez,2023-03-09T06:23:25.4680000+00:00,0
thetntm,2023-03-09T06:23:45.5270000+00:00,0
thetntm,2023-03-09T06:24:07.7370000+00:00,0
balticguy,2023-03-09T06:25:19.7500000+00:00,0
sciembe,2023-03-09T07:39:10.8740000+00:00,0
sciembe,2023-03-09T07:40:40.3910000+00:00,0
assistantweeby,2023-03-09T14:01:29.2130000+00:00,0
assistantweeby,2023-03-09T14:02:18.0130000+00:00,0
hypotheticalwalrus,2023-03-09T14:40:41.2500000+00:00,0
thetntm,2023-03-09T16:03:24.0580000+00:00,0
thetntm,2023-03-09T16:14:31.1340000+00:00,0
thetntm,2023-03-09T16:14:44.7510000+00:00,0
thetntm,2023-03-09T16:16:18.7650000+00:00,0
thetntm,2023-03-09T16:28:09.3090000+00:00,0
aniforprez,2023-03-09T16:32:59.0660000+00:00,0
brucewastaken,2023-03-09T17:04:08.8620000+00:00,0
brucewastaken,2023-03-09T17:04:23.3440000+00:00,0
mks5000,2023-03-09T17:06:52.1130000+00:00,0
thetntm,2023-03-09T17:11:34.8480000+00:00,0
brucewastaken,2023-03-09T17:26:14.2260000+00:00,0
caputtes,2023-03-09T18:13:18.5510000+00:00,0
brucewastaken,2023-03-09T18:29:39.5750000+00:00,0
brucewastaken,2023-03-09T18:29:45.2940000+00:00,0
eterna1ice,2023-03-09T18:30:37.2110000+00:00,0
maxaika,2023-03-09T18:30:53.8870000+00:00,0
maxaika,2023-03-09T18:30:58.6530000+00:00,0
eterna1ice,2023-03-09T18:33:20.9490000+00:00,0
caputtes,2023-03-09T18:35:23.3550000+00:00,0
caputtes,2023-03-09T18:36:07.8740000+00:00,0
sakubigryphon,2023-03-09T18:48:54.9900000+00:00,0
caputtes,2023-03-09T18:49:39.4840000+00:00,0
paddele,2023-03-09T18:56:40.7640000+00:00,0
caputtes,2023-03-09T18:57:49.8040000+00:00,0
caputtes,2023-03-09T18:58:28.6820000+00:00,0
caputtes,2023-03-09T19:06:35.9010000+00:00,0
sakubigryphon,2023-03-09T19:06:59.7780000+00:00,0
caputtes,2023-03-09T19:08:36.7650000+00:00,0
maxaika,2023-03-09T19:11:48.4100000+00:00,0
sakubigryphon,2023-03-09T19:12:34.0760000+00:00,0
aniforprez,2023-03-09T19:20:59.7930000+00:00,0
mks5000,2023-03-09T19:28:21.8500000+00:00,0
maxaika,2023-03-09T19:29:12.8600000+00:00,0
sakubigryphon,2023-03-09T19:29:50.3110000+00:00,0
maxaika,2023-03-09T19:30:13.0840000+00:00,0
sakubigryphon,2023-03-09T19:30:53.0190000+00:00,0
maxaika,2023-03-09T19:31:14.3080000+00:00,0
maxaika,2023-03-09T19:31:18.9120000+00:00,0
mks5000,2023-03-09T19:41:16.8950000+00:00,0
capsador,2023-03-09T19:43:57.3640000+00:00,0
capsador,2023-03-09T19:44:02.3930000+00:00,0
mks5000,2023-03-09T19:47:20.6120000+00:00,0
arblaster,2023-03-09T19:49:54.4400000+00:00,0
silvysilv,2023-03-09T20:01:10.0270000+00:00,0
sakubigryphon,2023-03-09T20:06:36.0950000+00:00,0
zargy,2023-03-09T20:13:00.7080000+00:00,0
sakubigryphon,2023-03-09T20:14:11.1480000+00:00,0
sakubigryphon,2023-03-09T20:14:49.1410000+00:00,0
arblaster,2023-03-09T20:19:53.7390000+00:00,0
arblaster,2023-03-09T20:20:50.5870000+00:00,0
maxaika,2023-03-09T20:21:29.0080000+00:00,0
snek_pliskin,2023-03-09T20:24:42.9880000+00:00,0
zargy,2023-03-09T20:24:56.6560000+00:00,0
sakubigryphon,2023-03-09T20:25:01.4720000+00:00,0
capsador,2023-03-09T20:25:12.3330000+00:00,0
snek_pliskin,2023-03-09T20:25:20.8270000+00:00,0
madbuk,2023-03-09T20:25:33.0700000+00:00,1
assistantweeby,2023-03-09T20:25:40.8760000+00:00,0
assistantweeby,2023-03-09T20:25:41.9350000+00:00,0
assistantweeby,2023-03-09T20:25:48.6380000+00:00,0
assistantweeby,2023-03-09T20:25:53.3230000+00:00,0
assistantweeby,2023-03-09T20:25:54.8280000+00:00,0
maxaika,2023-03-09T20:25:59.9920000+00:00,0
assistantweeby,2023-03-09T20:26:08.6380000+00:00,0
maxaika,2023-03-09T20:26:10.1060000+00:00,0
snek_pliskin,2023-03-09T20:26:15.1710000+00:00,0
assistantweeby,2023-03-09T20:26:15.4490000+00:00,0
assistantweeby,2023-03-09T20:26:17.3750000+00:00,0
botcommander,2023-03-09T20:27:02.9950000+00:00,0
botcommander,2023-03-09T20:27:06.7980000+00:00,0
botcommander,2023-03-09T20:27:10.6240000+00:00,0
maxaika,2023-03-09T20:27:25.3050000+00:00,0
maxaika,2023-03-09T20:27:30.0910000+00:00,0
botcommander,2023-03-09T20:27:42.4470000+00:00,0
botcommander,2023-03-09T20:27:44.9240000+00:00,0
madbuk,2023-03-09T20:41:11.5520000+00:00,0
maxaika,2023-03-09T20:41:50.6460000+00:00,0
maxaika,2023-03-09T20:41:55.9790000+00:00,0
maxaika,2023-03-09T20:42:14.0060000+00:00,0
bonkey14,2023-03-09T20:42:47.0760000+00:00,0
mks5000,2023-03-09T20:58:10.8360000+00:00,0
sakubigryphon,2023-03-09T21:01:13.2000000+00:00,0
maxaika,2023-03-09T21:05:17.1880000+00:00,0
capsador,2023-03-09T21:05:28.4600000+00:00,0
assistantweeby,2023-03-09T21:05:37.3750000+00:00,0
maxaika,2023-03-09T21:05:39.0280000+00:00,0
maxaika,2023-03-09T21:05:44.9720000+00:00,0
bonkey14,2023-03-09T21:06:07.6660000+00:00,0
capsador,2023-03-09T21:06:08.1830000+00:00,0
assistantweeby,2023-03-09T21:06:16.0590000+00:00,2
maxaika,2023-03-09T21:06:19.9800000+00:00,0
sakubigryphon,2023-03-09T21:06:22.1830000+00:00,0
sakubigryphon,2023-03-09T21:06:34.9380000+00:00,0
maxaika,2023-03-09T21:07:15.3640000+00:00,0
bonkey14,2023-03-09T21:07:25.8870000+00:00,0
bonkey14,2023-03-09T21:07:47.0470000+00:00,0
assistantweeby,2023-03-09T21:07:56.6620000+00:00,1
assistantweeby,2023-03-09T21:08:05.6470000+00:00,0
maxaika,2023-03-09T21:08:19.8300000+00:00,0
sakubigryphon,2023-03-09T21:08:26.1930000+00:00,0
caputtes,2023-03-09T21:08:31.5340000+00:00,0
maxaika,2023-03-09T21:08:33.0140000+00:00,0
assistantweeby,2023-03-09T21:08:33.0190000+00:00,0
assistantweeby,2023-03-09T21:08:51.8050000+00:00,0
assistantweeby,2023-03-09T21:08:54.6610000+00:00,0
caputtes,2023-03-09T21:09:07.3300000+00:00,0
maxaika,2023-03-09T21:09:25.8580000+00:00,0
bonkey14,2023-03-09T21:09:35.6260000+00:00,0
assistantweeby,2023-03-09T21:09:41.6250000+00:00,0
sakubigryphon,2023-03-09T21:10:09.1420000+00:00,0
caputtes,2023-03-09T21:10:23.9260000+00:00,0
maxaika,2023-03-09T21:10:34.4350000+00:00,0
maxaika,2023-03-09T21:10:40.8310000+00:00,0
sakubigryphon,2023-03-09T21:10:53.1200000+00:00,0
maxaika,2023-03-09T21:11:25.3330000+00:00,0
sakubigryphon,2023-03-09T21:12:13.6880000+00:00,0
bonkey14,2023-03-09T21:12:42.9340000+00:00,0
caputtes,2023-03-09T21:15:51.0630000+00:00,0
botcommander,2023-03-09T21:21:56.5300000+00:00,0
botcommander,2023-03-09T21:21:59.2710000+00:00,0
botcommander,2023-03-09T21:22:06.3940000+00:00,0
caputtes,2023-03-09T21:22:28.2930000+00:00,0
caputtes,2023-03-09T21:23:40.4150000+00:00,0
sakubigryphon,2023-03-09T21:29:18.1820000+00:00,0
caputtes,2023-03-09T21:30:54.6610000+00:00,0
mks5000,2023-03-09T21:41:24.5360000+00:00,0
caputtes,2023-03-09T21:47:33.7340000+00:00,0
eterna1ice,2023-03-09T22:05:35.6990000+00:00,0
eterna1ice,2023-03-09T22:06:22.2280000+00:00,0
ketrub,2023-03-09T22:06:35.8550000+00:00,0
ketrub,2023-03-09T22:06:39.0800000+00:00,0
sakubigryphon,2023-03-09T22:06:41.4060000+00:00,0
ketrub,2023-03-09T22:07:15.2750000+00:00,0
eterna1ice,2023-03-09T22:07:32.1980000+00:00,0
ketrub,2023-03-09T22:07:32.7810000+00:00,0
ketrub,2023-03-09T22:07:46.1900000+00:00,0
ketrub,2023-03-09T22:09:12.4560000+00:00,0
ketrub,2023-03-09T22:09:18.4120000+00:00,1
caputtes,2023-03-09T22:09:32.4570000+00:00,0
sakubigryphon,2023-03-09T22:10:59.5360000+00:00,0
caputtes,2023-03-09T22:12:25.6930000+00:00,0
eterna1ice,2023-03-09T22:18:12.8980000+00:00,0
ketrub,2023-03-09T22:21:55.8350000+00:00,0
chickenhunter,2023-03-09T22:28:09.3790000+00:00,0
ironrath,2023-03-09T22:37:14.9310000+00:00,0
arblaster,2023-03-09T22:50:48.3640000+00:00,0
cjlj,2023-03-10T00:34:47.6260000+00:00,0
caputtes,2023-03-10T01:27:11.6490000+00:00,0
chickenhunter,2023-03-10T02:59:09.7550000+00:00,0
thetntm,2023-03-10T04:15:51.3910000+00:00,0
thetntm,2023-03-10T04:16:18.8950000+00:00,0
thetntm,2023-03-10T04:16:36.0330000+00:00,0
meta_magician,2023-03-10T07:48:50.7700000+00:00,0
aniforprez,2023-03-10T12:07:36.8580000+00:00,0
meta_magician,2023-03-10T12:28:45.4690000+00:00,0
aniforprez,2023-03-10T12:30:55.7440000+00:00,0
aniforprez,2023-03-10T12:31:22.6430000+00:00,0
aniforprez,2023-03-10T12:31:40.0910000+00:00,0
nagitosweatyarmpits,2023-03-10T13:06:20.4160000+00:00,0
nagitosweatyarmpits,2023-03-10T13:06:29.9710000+00:00,0
eterna1ice,2023-03-10T13:18:42.9790000+00:00,0
eterna1ice,2023-03-10T13:19:46.1080000+00:00,0
aniforprez,2023-03-10T13:39:38.8610000+00:00,0
nagitosweatyarmpits,2023-03-10T13:46:10.7070000+00:00,0
thetntm,2023-03-10T14:17:53.7870000+00:00,0
thetntm,2023-03-10T14:18:10.4140000+00:00,0
thetntm,2023-03-10T14:19:01.3800000+00:00,0
thetntm,2023-03-10T14:20:47.9740000+00:00,0
eterna1ice,2023-03-10T14:25:01.5960000+00:00,0
thetntm,2023-03-10T14:28:21.5740000+00:00,0
thetntm,2023-03-10T14:28:51.3120000+00:00,0
eterna1ice,2023-03-10T15:10:14.2770000+00:00,0
iwayuru,2023-03-10T15:45:20.2570000+00:00,0
aniforprez,2023-03-10T15:46:27.4200000+00:00,0
aniforprez,2023-03-10T15:46:31.6660000+00:00,0
thetntm,2023-03-10T16:02:02.0340000+00:00,0
thetntm,2023-03-10T16:02:06.3830000+00:00,0
thetntm,2023-03-10T16:02:47.0390000+00:00,0
thetntm,2023-03-10T16:03:09.8320000+00:00,0
iwayuru,2023-03-10T16:15:11.9070000+00:00,0
iwayuru,2023-03-10T16:15:45.3380000+00:00,0
iwayuru,2023-03-10T16:16:16.8300000+00:00,0
thetntm,2023-03-10T16:45:09.1110000+00:00,0
thetntm,2023-03-10T16:45:34.7800000+00:00,0
sakubigryphon,2023-03-10T17:20:37.0340000+00:00,0
silvysilv,2023-03-10T17:35:47.1320000+00:00,0
mks5000,2023-03-10T17:44:00.0900000+00:00,0
sakubigryphon,2023-03-10T17:54:33.4650000+00:00,0
sakubigryphon,2023-03-10T17:54:38.5810000+00:00,0
eterna1ice,2023-03-10T18:03:03.5130000+00:00,0
mks5000,2023-03-10T18:20:31.2290000+00:00,0
mks5000,2023-03-10T18:20:35.9620000+00:00,0
thetntm,2023-03-10T18:37:18.1410000+00:00,0
thetntm,2023-03-10T18:37:27.7080000+00:00,0
thetntm,2023-03-10T18:38:08.1060000+00:00,0
madbuk,2023-03-10T18:54:28.6890000+00:00,0
eterna1ice,2023-03-10T19:14:55.6660000+00:00,0
caputtes,2023-03-10T19:27:53.9890000+00:00,0
sakubigryphon,2023-03-10T19:28:06.6660000+00:00,0
caputtes,2023-03-10T19:32:37.1250000+00:00,0
sakubigryphon,2023-03-10T19:33:26.3930000+00:00,0
eterna1ice,2023-03-10T19:35:35.4810000+00:00,0
aerolfos,2023-03-10T19:36:16.4630000+00:00,0
sakubigryphon,2023-03-10T19:37:31.0260000+00:00,0
eterna1ice,2023-03-10T19:42:43.4720000+00:00,0
maxaika,2023-03-10T19:43:07.3450000+00:00,0
maxaika,2023-03-10T19:43:13.5050000+00:00,0
maxaika,2023-03-10T19:43:17.1140000+00:00,0
maxaika,2023-03-10T19:43:27.8200000+00:00,0
bonkey14,2023-03-10T19:43:56.8710000+00:00,0
sakubigryphon,2023-03-10T19:46:41.2920000+00:00,0
bonkey14,2023-03-10T19:47:28.5630000+00:00,0
meta_magician,2023-03-10T19:49:35.0030000+00:00,1
meta_magician,2023-03-10T19:49:42.6630000+00:00,0
fancyprince,2023-03-10T19:54:01.5410000+00:00,0
sakubigryphon,2023-03-10T19:55:16.3880000+00:00,0
fancyprince,2023-03-10T19:56:20.0260000+00:00,0
cjlj,2023-03-10T19:59:25.8670000+00:00,1
fancyprince,2023-03-10T20:00:14.8360000+00:00,0
fancyprince,2023-03-10T20:00:23.2140000+00:00,0
chickenhunter,2023-03-10T20:00:36.0540000+00:00,0
botcommander,2023-03-10T20:04:06.0430000+00:00,0
botcommander,2023-03-10T20:04:17.4470000+00:00,0
sakubigryphon,2023-03-10T20:07:24.9920000+00:00,0
maxaika,2023-03-10T20:21:40.3360000+00:00,2
botcommander,2023-03-10T20:26:19.9520000+00:00,0
botcommander,2023-03-10T20:26:23.3260000+00:00,0
maxaika,2023-03-10T20:27:01.8710000+00:00,0
botcommander,2023-03-10T20:28:01.3490000+00:00,0
botcommander,2023-03-10T20:28:05.8900000+00:00,0
maxaika,2023-03-10T20:28:09.2800000+00:00,0
maxaika,2023-03-10T20:28:13.6340000+00:00,0
maxaika,2023-03-10T20:28:51.6280000+00:00,0
maxaika,2023-03-10T20:29:45.8000000+00:00,0
botcommander,2023-03-10T20:29:51.7720000+00:00,0
botcommander,2023-03-10T20:29:58.8460000+00:00,0
maxaika,2023-03-10T20:30:09.8610000+00:00,0
caputtes,2023-03-10T21:17:30.2200000+00:00,0
ketrub,2023-03-10T21:17:33.3360000+00:00,0
ketrub,2023-03-10T21:17:55.5500000+00:00,0
bonkey14,2023-03-10T21:18:00.5100000+00:00,0
ketrub,2023-03-10T21:18:15.4330000+00:00,0
bonkey14,2023-03-10T21:19:15.2430000+00:00,0
ketrub,2023-03-10T21:19:44.2750000+00:00,0
ketrub,2023-03-10T21:19:46.8550000+00:00,0
bonkey14,2023-03-10T21:21:17.8130000+00:00,0
ketrub,2023-03-10T21:23:50.7770000+00:00,0
bonkey14,2023-03-10T21:24:05.0880000+00:00,0
ketrub,2023-03-10T21:24:09.1500000+00:00,0
bonkey14,2023-03-10T21:24:42.6030000+00:00,0
ketrub,2023-03-10T21:24:56.2890000+00:00,0
bonkey14,2023-03-10T21:25:53.6670000+00:00,0
ketrub,2023-03-10T21:31:54.6170000+00:00,0
ketrub,2023-03-10T21:31:57.0820000+00:00,0
hypotheticalwalrus,2023-03-10T21:32:10.3580000+00:00,0
ketrub,2023-03-10T21:32:19.6520000+00:00,0
bonkey14,2023-03-10T21:32:27.2250000+00:00,0
caputtes,2023-03-10T21:32:27.3570000+00:00,0
sakubigryphon,2023-03-10T21:33:15.0250000+00:00,0
sakubigryphon,2023-03-10T21:33:43.0120000+00:00,0
maxaika,2023-03-10T21:34:16.4460000+00:00,0
ketrub,2023-03-10T21:34:28.2200000+00:00,0
ketrub,2023-03-10T21:34:35.1340000+00:00,0
sakubigryphon,2023-03-10T21:34:36.3470000+00:00,0
maxaika,2023-03-10T21:35:02.4190000+00:00,0
sakubigryphon,2023-03-10T21:35:05.2210000+00:00,0
maxaika,2023-03-10T21:36:29.3900000+00:00,0
bonkey14,2023-03-10T21:36:46.7580000+00:00,0
bonkey14,2023-03-10T21:36:49.7020000+00:00,0
maxaika,2023-03-10T21:37:16.9890000+00:00,0
sakubigryphon,2023-03-10T21:37:35.1370000+00:00,0
maxaika,2023-03-10T21:38:01.1570000+00:00,1
madbuk,2023-03-10T21:43:51.6630000+00:00,0
sakubigryphon,2023-03-10T21:44:08.9290000+00:00,0
caputtes,2023-03-10T21:44:09.1620000+00:00,0
sqrrk,2023-03-10T21:45:00.3620000+00:00,0
maxaika,2023-03-10T21:45:00.9550000+00:00,0
botcommander,2023-03-10T21:45:02.7790000+00:00,0
caputtes,2023-03-10T21:45:09.1250000+00:00,0
sakubigryphon,2023-03-10T21:45:11.2440000+00:00,0
maxaika,2023-03-10T21:45:23.8080000+00:00,0
arblaster,2023-03-10T21:45:27.3040000+00:00,0
maxaika,2023-03-10T21:45:35.2210000+00:00,0
arblaster,2023-03-10T21:45:40.1830000+00:00,0
ketrub,2023-03-10T21:45:41.2350000+00:00,0
bonkey14,2023-03-10T21:45:45.2290000+00:00,0
maxaika,2023-03-10T21:45:55.6120000+00:00,0
bonkey14,2023-03-10T21:46:06.7760000+00:00,0
maxaika,2023-03-10T21:46:17.3080000+00:00,0
ketrub,2023-03-10T21:46:19.0990000+00:00,0
maxaika,2023-03-10T21:46:27.2330000+00:00,0
caputtes,2023-03-10T21:46:50.8740000+00:00,0
ketrub,2023-03-10T21:47:11.3680000+00:00,0
ketrub,2023-03-10T21:47:23.5750000+00:00,0
maxaika,2023-03-10T21:47:32.4600000+00:00,0
maxaika,2023-03-10T21:47:37.8840000+00:00,0
sakubigryphon,2023-03-10T21:48:20.4760000+00:00,0
sakubigryphon,2023-03-10T21:48:25.5650000+00:00,0
maxaika,2023-03-10T21:49:20.2840000+00:00,0
maxaika,2023-03-10T21:49:26.7290000+00:00,0
sakubigryphon,2023-03-10T21:49:54.5660000+00:00,0
sakubigryphon,2023-03-10T21:49:57.6890000+00:00,0
sakubigryphon,2023-03-10T21:50:10.2790000+00:00,0
bonkey14,2023-03-10T21:50:16.1820000+00:00,0
rotyler,2023-03-10T21:50:16.2660000+00:00,0
maxaika,2023-03-10T21:50:25.6710000+00:00,0
sakubigryphon,2023-03-10T21:50:31.1200000+00:00,0
bonkey14,2023-03-10T21:50:38.3780000+00:00,0
arblaster,2023-03-10T21:50:50.7870000+00:00,0
maxaika,2023-03-10T21:52:25.7300000+00:00,0
maxaika,2023-03-10T21:52:27.1010000+00:00,0
bonkey14,2023-03-10T21:52:31.1280000+00:00,0
caputtes,2023-03-10T21:52:38.4520000+00:00,0
eterna1ice,2023-03-10T21:52:46.3580000+00:00,0
caputtes,2023-03-10T21:52:53.9550000+00:00,0
maxaika,2023-03-10T21:52:59.0110000+00:00,0
bonkey14,2023-03-10T21:53:10.9680000+00:00,0
madbuk,2023-03-10T21:54:12.2830000+00:00,0
sakubigryphon,2023-03-10T21:54:23.3170000+00:00,0
madbuk,2023-03-10T21:54:58.6690000+00:00,0
sakubigryphon,2023-03-10T21:55:11.2450000+00:00,0
sakubigryphon,2023-03-10T21:55:26.3890000+00:00,0
ketrub,2023-03-10T21:55:31.7310000+00:00,0
ketrub,2023-03-10T21:55:49.4840000+00:00,0
ketrub,2023-03-10T21:55:56.9360000+00:00,0
bonkey14,2023-03-10T21:58:29.9820000+00:00,0
bonkey14,2023-03-10T21:58:43.9960000+00:00,0
bonkey14,2023-03-10T21:59:06.7310000+00:00,0
ketrub,2023-03-10T21:59:26.8070000+00:00,0
ketrub,2023-03-10T21:59:56.2380000+00:00,0
ketrub,2023-03-10T22:00:38.6420000+00:00,0
maxaika,2023-03-10T22:00:50.2110000+00:00,0
bonkey14,2023-03-10T22:01:12.9690000+00:00,0
maxaika,2023-03-10T22:01:16.9930000+00:00,0
bonkey14,2023-03-10T22:01:41.8270000+00:00,0
ketrub,2023-03-10T22:01:54.8570000+00:00,0
ketrub,2023-03-10T22:02:04.1720000+00:00,0
sakubigryphon,2023-03-10T22:03:50.5720000+00:00,0
ketrub,2023-03-10T22:03:58.7870000+00:00,0
maxaika,2023-03-10T22:04:22.2870000+00:00,0
ketrub,2023-03-10T22:04:27.9940000+00:00,0
ketrub,2023-03-10T22:04:30.8780000+00:00,0
ketrub,2023-03-10T22:04:46.6320000+00:00,0
caputtes,2023-03-10T22:07:29.7200000+00:00,0
ketrub,2023-03-10T22:07:53.9170000+00:00,0
sakubigryphon,2023-03-10T22:08:00.2410000+00:00,0
bonkey14,2023-03-10T22:08:19.6390000+00:00,0
caputtes,2023-03-10T22:17:56.0180000+00:00,0
eterna1ice,2023-03-10T22:22:11.1250000+00:00,0
ketrub,2023-03-10T22:26:28.3060000+00:00,0
maxaika,2023-03-10T22:27:09.3380000+00:00,0
sakubigryphon,2023-03-10T22:32:06.5050000+00:00,0
maxaika,2023-03-10T22:32:37.1560000+00:00,0
maxaika,2023-03-10T22:32:52.8700000+00:00,0
fancyprince,2023-03-10T22:34:39.5220000+00:00,0
sakubigryphon,2023-03-10T22:34:58.8710000+00:00,0
caputtes,2023-03-10T22:35:09.6360000+00:00,0
fancyprince,2023-03-10T22:35:16.0390000+00:00,0
sakubigryphon,2023-03-10T22:37:56.4690000+00:00,0
maxaika,2023-03-10T22:38:00.1030000+00:00,0
caputtes,2023-03-10T22:38:10.8560000+00:00,0
eterna1ice,2023-03-10T22:38:14.9690000+00:00,0
bonkey14,2023-03-10T22:40:44.4800000+00:00,0
bonkey14,2023-03-10T22:40:57.6630000+00:00,0
caputtes,2023-03-10T22:41:06.9340000+00:00,0
maxaika,2023-03-10T22:41:30.2290000+00:00,0
ketrub,2023-03-10T22:42:31.0340000+00:00,0
arblaster,2023-03-10T22:42:37.8420000+00:00,0
maxaika,2023-03-10T22:43:02.0810000+00:00,0
ketrub,2023-03-10T22:43:15.5330000+00:00,0
maxaika,2023-03-10T22:43:18.9170000+00:00,0
fancyprince,2023-03-10T22:44:05.4500000+00:00,0
ketrub,2023-03-10T22:53:19.2740000+00:00,0
caputtes,2023-03-10T22:54:38.4070000+00:00,0
ketrub,2023-03-10T22:54:43.6790000+00:00,0
caputtes,2023-03-10T22:55:15.5960000+00:00,0
bonkey14,2023-03-10T22:55:20.9640000+00:00,0
ketrub,2023-03-10T22:55:31.3750000+00:00,0
fancyprince,2023-03-10T22:55:47.5240000+00:00,0
ketrub,2023-03-10T22:55:54.2800000+00:00,0
ketrub,2023-03-10T22:56:00.7530000+00:00,0
fancyprince,2023-03-10T22:56:05.1910000+00:00,0
bonkey14,2023-03-10T22:56:57.0850000+00:00,0
ketrub,2023-03-10T22:57:04.5430000+00:00,0
bonkey14,2023-03-10T22:57:17.9220000+00:00,0
ketrub,2023-03-10T22:57:50.4780000+00:00,0
ketrub,2023-03-10T22:57:55.4360000+00:00,0
ketrub,2023-03-10T22:58:00.9750000+00:00,0
ketrub,2023-03-10T22:58:34.7400000+00:00,0
ketrub,2023-03-10T22:58:45.7630000+00:00,0
maxaika,2023-03-10T22:59:16.1760000+00:00,0
ketrub,2023-03-10T22:59:23.8630000+00:00,0
bonkey14,2023-03-10T23:00:20.4760000+00:00,0
ketrub,2023-03-10T23:02:35.2350000+00:00,0
ketrub,2023-03-10T23:02:38.6130000+00:00,0
ketrub,2023-03-10T23:02:56.4840000+00:00,0
ketrub,2023-03-10T23:03:00.1200000+00:00,0
maxaika,2023-03-10T23:03:08.8260000+00:00,0
ketrub,2023-03-10T23:03:37.3130000+00:00,0
caputtes,2023-03-10T23:03:44.7890000+00:00,0
maxaika,2023-03-10T23:04:01.5820000+00:00,0
ketrub,2023-03-10T23:04:09.9910000+00:00,0
ketrub,2023-03-10T23:04:22.0010000+00:00,0
bonkey14,2023-03-10T23:06:03.8850000+00:00,0
bonkey14,2023-03-10T23:06:11.8470000+00:00,0
ketrub,2023-03-10T23:06:25.2530000+00:00,0
ketrub,2023-03-10T23:06:26.5690000+00:00,0
bonkey14,2023-03-10T23:06:29.5410000+00:00,0
ketrub,2023-03-10T23:07:09.5500000+00:00,0
ketrub,2023-03-10T23:07:12.7010000+00:00,0
bonkey14,2023-03-10T23:07:13.5390000+00:00,0
ketrub,2023-03-10T23:08:07.6360000+00:00,0
bonkey14,2023-03-10T23:08:13.1310000+00:00,0
bonkey14,2023-03-10T23:08:50.0870000+00:00,0
caputtes,2023-03-10T23:08:57.1600000+00:00,0
caputtes,2023-03-10T23:09:22.0800000+00:00,0
ketrub,2023-03-10T23:10:07.4730000+00:00,0
ketrub,2023-03-10T23:10:08.9030000+00:00,0
aerolfos,2023-03-10T23:11:04.6810000+00:00,0
aerolfos,2023-03-10T23:11:31.0560000+00:00,0
aerolfos,2023-03-10T23:12:13.4480000+00:00,0
bonkey14,2023-03-10T23:12:22.7260000+00:00,0
ketrub,2023-03-10T23:12:23.5670000+00:00,0
ketrub,2023-03-10T23:12:35.9060000+00:00,0
aerolfos,2023-03-10T23:13:28.3330000+00:00,0
eterna1ice,2023-03-10T23:13:29.2240000+00:00,0
aerolfos,2023-03-10T23:13:44.4570000+00:00,0
aerolfos,2023-03-10T23:13:49.3910000+00:00,0
ketrub,2023-03-10T23:14:10.8760000+00:00,0
aerolfos,2023-03-10T23:14:19.3180000+00:00,0
aerolfos,2023-03-10T23:14:29.6930000+00:00,0
aerolfos,2023-03-10T23:14:35.2260000+00:00,0
bonkey14,2023-03-10T23:14:43.5080000+00:00,0
bonkey14,2023-03-10T23:14:50.7720000+00:00,0
ketrub,2023-03-10T23:14:54.6590000+00:00,0
ketrub,2023-03-10T23:15:04.4230000+00:00,0
ketrub,2023-03-10T23:15:08.5490000+00:00,0
ketrub,2023-03-10T23:15:24.4240000+00:00,0
ketrub,2023-03-10T23:15:26.8720000+00:00,0
bonkey14,2023-03-10T23:15:26.9160000+00:00,0
ketrub,2023-03-10T23:15:35.5610000+00:00,0
ketrub,2023-03-10T23:15:35.9090000+00:00,0
aerolfos,2023-03-10T23:15:53.3860000+00:00,0
aerolfos,2023-03-10T23:15:55.4750000+00:00,0
aerolfos,2023-03-10T23:16:05.3970000+00:00,0
aerolfos,2023-03-10T23:16:16.6270000+00:00,0
eterna1ice,2023-03-10T23:16:19.1380000+00:00,0
bonkey14,2023-03-10T23:16:35.0200000+00:00,0
aerolfos,2023-03-10T23:16:35.1380000+00:00,0
aerolfos,2023-03-10T23:16:48.3110000+00:00,0
ketrub,2023-03-10T23:16:58.0810000+00:00,0
ketrub,2023-03-10T23:17:00.1250000+00:00,0
ketrub,2023-03-10T23:17:12.4730000+00:00,0
ketrub,2023-03-10T23:17:19.4930000+00:00,0
aerolfos,2023-03-10T23:17:31.9670000+00:00,0
aerolfos,2023-03-10T23:17:38.9660000+00:00,0
aerolfos,2023-03-10T23:17:54.9320000+00:00,0
ketrub,2023-03-10T23:18:08.7720000+00:00,0
ketrub,2023-03-10T23:18:09.6320000+00:00,0
eterna1ice,2023-03-10T23:18:12.5320000+00:00,0
ketrub,2023-03-10T23:18:30.8320000+00:00,0
bonkey14,2023-03-10T23:19:32.7450000+00:00,0
ketrub,2023-03-10T23:19:45.0160000+00:00,0
eterna1ice,2023-03-10T23:20:48.0560000+00:00,0
eterna1ice,2023-03-10T23:22:25.4940000+00:00,0
ketrub,2023-03-10T23:23:07.3590000+00:00,0
ketrub,2023-03-10T23:23:10.1280000+00:00,0
eterna1ice,2023-03-10T23:24:27.7800000+00:00,0
eterna1ice,2023-03-10T23:24:46.4880000+00:00,0
ketrub,2023-03-10T23:27:02.2780000+00:00,0
ketrub,2023-03-10T23:27:09.9900000+00:00,0
ketrub,2023-03-10T23:27:19.7440000+00:00,0
ketrub,2023-03-10T23:27:26.6930000+00:00,0
eterna1ice,2023-03-10T23:28:45.8490000+00:00,0
ketrub,2023-03-10T23:28:54.5440000+00:00,0
ketrub,2023-03-10T23:29:25.5590000+00:00,0
eterna1ice,2023-03-10T23:30:31.0260000+00:00,0
ironrath,2023-03-11T00:35:05.7900000+00:00,0
raptore6941,2023-03-11T06:40:09.0410000+00:00,0
eterna1ice,2023-03-11T06:58:38.3310000+00:00,0
thetntm,2023-03-11T07:17:05.0340000+00:00,0
thetntm,2023-03-11T07:17:15.8520000+00:00,0
thetntm,2023-03-11T07:17:35.7670000+00:00,0
thetntm,2023-03-11T07:37:32.5280000+00:00,0
thetntm,2023-03-11T07:37:43.3940000+00:00,0
thetntm,2023-03-11T07:37:51.3500000+00:00,0
aniforprez,2023-03-11T09:30:21.9340000+00:00,0
aniforprez,2023-03-11T09:30:45.6190000+00:00,0
aniforprez,2023-03-11T09:31:01.4060000+00:00,0
aniforprez,2023-03-11T09:31:04.9510000+00:00,0
aniforprez,2023-03-11T09:31:32.4040000+00:00,0
sciembe,2023-03-11T09:46:08.3890000+00:00,0
sciembe,2023-03-11T09:46:13.3180000+00:00,0
sciembe,2023-03-11T09:46:57.0630000+00:00,0
aniforprez,2023-03-11T10:02:04.7730000+00:00,0
aniforprez,2023-03-11T10:02:26.4130000+00:00,0
mks5000,2023-03-11T12:45:10.6500000+00:00,0
mks5000,2023-03-11T12:45:50.0550000+00:00,0
mks5000,2023-03-11T12:46:01.8780000+00:00,0
mks5000,2023-03-11T12:48:42.3370000+00:00,0
morow1ec,2023-03-11T12:56:42.0460000+00:00,0
morow1ec,2023-03-11T12:57:34.4930000+00:00,0
morow1ec,2023-03-11T12:57:53.3000000+00:00,0
morow1ec,2023-03-11T12:58:52.4800000+00:00,0
morow1ec,2023-03-11T12:59:05.4870000+00:00,0
aerolfos,2023-03-11T13:06:20.6990000+00:00,0
aerolfos,2023-03-11T13:06:31.4920000+00:00,0
aerolfos,2023-03-11T13:11:20.0800000+00:00,0
aerolfos,2023-03-11T13:11:53.5530000+00:00,0
hypotheticalwalrus,2023-03-11T13:16:27.1930000+00:00,0
aniforprez,2023-03-11T13:44:24.8160000+00:00,0
aniforprez,2023-03-11T13:44:59.2790000+00:00,0
thetntm,2023-03-11T16:08:49.9340000+00:00,0
thetntm,2023-03-11T16:09:27.2040000+00:00,0
brucewastaken,2023-03-11T21:41:18.2670000+00:00,0
brucewastaken,2023-03-11T21:41:25.9830000+00:00,0
.civd,2023-03-11T23:31:02.5760000+00:00,0
.sinbean,2023-03-12T01:57:33.8420000+00:00,0
.sinbean,2023-03-12T01:57:36.8440000+00:00,0
.sinbean,2023-03-12T01:57:50.1290000+00:00,3
balticguy,2023-03-12T02:07:32.5700000+00:00,0
balticguy,2023-03-12T02:08:03.0120000+00:00,0
balticguy,2023-03-12T02:08:33.0470000+00:00,0
fka_s2,2023-03-12T02:11:28.6500000+00:00,0
.sinbean,2023-03-12T02:23:48.5610000+00:00,0
thetntm,2023-03-12T03:35:27.5340000+00:00,0
thetntm,2023-03-12T03:35:42.8650000+00:00,0
thetntm,2023-03-12T03:36:00.3010000+00:00,0
thetntm,2023-03-12T03:36:12.5640000+00:00,0
thetntm,2023-03-12T03:36:31.4330000+00:00,0
eterna1ice,2023-03-12T05:53:07.7460000+00:00,0
thetntm,2023-03-12T06:03:39.7540000+00:00,0
thetntm,2023-03-12T06:04:00.5940000+00:00,0
thetntm,2023-03-12T06:04:30.7580000+00:00,0
thetntm,2023-03-12T06:04:45.4720000+00:00,0
thetntm,2023-03-12T06:05:05.6480000+00:00,0
thetntm,2023-03-12T06:05:14.0780000+00:00,0
thetntm,2023-03-12T06:05:21.2440000+00:00,0
eterna1ice,2023-03-12T06:06:22.9300000+00:00,0
aerolfos,2023-03-12T09:56:33.9830000+00:00,0
arvie,2023-03-12T14:24:46.5960000+00:00,0
slintofficial,2023-03-12T17:16:00.8660000+00:00,13
slintofficial,2023-03-12T21:50:53.6790000+00:00,0
sciembe,2023-03-12T22:32:54.2720000+00:00,0
thetntm,2023-03-12T23:15:54.8660000+00:00,0
aniforprez,2023-03-13T15:31:10.0980000+00:00,0
prozmar,2023-03-13T16:05:30.7230000+00:00,0
thetntm,2023-03-13T16:14:27.3080000+00:00,0
eterna1ice,2023-03-13T16:22:06.1130000+00:00,0
fancyprince,2023-03-13T17:31:56.0620000+00:00,0
hypotheticalwalrus,2023-03-13T17:38:53.2230000+00:00,0
hypotheticalwalrus,2023-03-13T17:39:17.2100000+00:00,0
fancyprince,2023-03-13T17:47:02.7250000+00:00,0
hypotheticalwalrus,2023-03-13T17:49:32.3550000+00:00,0
hypotheticalwalrus,2023-03-13T17:49:44.5010000+00:00,5
andrew5555,2023-03-13T19:59:05.0940000+00:00,0
mks5000,2023-03-13T20:06:00.3020000+00:00,0
eterna1ice,2023-03-13T20:06:20.2360000+00:00,0
babalovesyou,2023-03-13T20:31:19.5090000+00:00,0
babalovesyou,2023-03-13T20:31:36.2330000+00:00,0
andrew5555,2023-03-13T20:52:41.5530000+00:00,0
andrew5555,2023-03-13T20:53:38.0390000+00:00,0
trexwithaglock,2023-03-14T02:56:02.1290000+00:00,0
bonkey14,2023-03-14T03:06:15.6790000+00:00,0
thetntm,2023-03-14T03:17:40.9120000+00:00,0
sciembe,2023-03-14T03:36:09.9920000+00:00,0
sciembe,2023-03-14T03:36:37.9590000+00:00,0
aniforprez,2023-03-14T03:38:54.5480000+00:00,0
aniforprez,2023-03-14T03:39:09.3140000+00:00,0
aniforprez,2023-03-14T03:39:22.4430000+00:00,0
sciembe,2023-03-14T03:42:23.0120000+00:00,0
sciembe,2023-03-14T03:42:54.9170000+00:00,0
aniforprez,2023-03-14T04:03:27.0750000+00:00,0
thetntm,2023-03-14T04:31:42.4390000+00:00,0
thetntm,2023-03-14T04:31:52.2960000+00:00,0
thetntm,2023-03-14T04:32:09.3420000+00:00,0
sciembe,2023-03-14T04:33:12.7820000+00:00,0
thetntm,2023-03-14T06:29:54.9670000+00:00,0
thetntm,2023-03-14T06:29:55.2330000+00:00,0
thetntm,2023-03-14T06:30:46.2400000+00:00,0
eterna1ice,2023-03-14T06:38:34.7340000+00:00,0
thetntm,2023-03-14T06:39:02.9790000+00:00,0
eterna1ice,2023-03-14T06:39:20.3690000+00:00,0
eterna1ice,2023-03-14T06:49:39.1040000+00:00,0
sciembe,2023-03-14T09:32:11.9670000+00:00,0
sciembe,2023-03-14T09:32:40.6610000+00:00,0
eterna1ice,2023-03-14T09:36:43.3100000+00:00,0
eterna1ice,2023-03-14T16:28:51.8940000+00:00,0
paddele,2023-03-14T16:41:21.6830000+00:00,0
caputtes,2023-03-14T16:45:53.6320000+00:00,0
andrew5555,2023-03-14T16:46:09.1060000+00:00,0
caputtes,2023-03-14T16:46:12.0800000+00:00,0
robert6917,2023-03-14T16:57:56.0730000+00:00,0
robert6917,2023-03-14T16:58:09.7670000+00:00,0
robert6917,2023-03-14T16:58:42.5310000+00:00,0
caputtes,2023-03-14T16:59:01.0820000+00:00,0
caputtes,2023-03-14T16:59:14.9020000+00:00,0
bonkey14,2023-03-14T17:25:25.1370000+00:00,0
andrew5555,2023-03-14T17:56:30.0950000+00:00,0
sakubigryphon,2023-03-14T18:03:30.5260000+00:00,0
eterna1ice,2023-03-14T18:04:27.4820000+00:00,0
eterna1ice,2023-03-14T18:05:05.9060000+00:00,0
caputtes,2023-03-14T18:15:43.8150000+00:00,0
eterna1ice,2023-03-14T18:18:24.4710000+00:00,0
caputtes,2023-03-14T18:19:04.4880000+00:00,0
eterna1ice,2023-03-14T18:19:06.6860000+00:00,0
eterna1ice,2023-03-14T18:30:09.3670000+00:00,0
eterna1ice,2023-03-14T18:36:45.8170000+00:00,0
eterna1ice,2023-03-14T18:38:39.1660000+00:00,0
eterna1ice,2023-03-14T18:39:18.7880000+00:00,0
sakubigryphon,2023-03-14T19:03:29.6420000+00:00,0
eterna1ice,2023-03-14T19:12:41.8560000+00:00,0
.strikerzzzz,2023-03-14T19:31:19.3500000+00:00,0
meta_magician,2023-03-14T20:15:40.5060000+00:00,0
meta_magician,2023-03-14T20:16:06.9330000+00:00,0
robert6917,2023-03-14T20:21:27.5290000+00:00,0
robert6917,2023-03-14T20:22:06.9700000+00:00,0
meta_magician,2023-03-14T20:27:46.0280000+00:00,0
fancyprince,2023-03-14T20:33:32.6640000+00:00,0
capsador,2023-03-14T20:42:02.0060000+00:00,0
eterna1ice,2023-03-14T20:45:34.3090000+00:00,0
bonkey14,2023-03-14T20:46:12.9710000+00:00,0
ketrub,2023-03-14T21:15:03.8710000+00:00,0
ketrub,2023-03-14T21:15:09.6140000+00:00,0
ketrub,2023-03-14T21:15:12.4100000+00:00,0
meta_magician,2023-03-14T21:15:44.6080000+00:00,0
andrew5555,2023-03-14T21:17:12.8560000+00:00,0
andrew5555,2023-03-14T21:17:48.9070000+00:00,0
meta_magician,2023-03-14T21:22:05.2580000+00:00,0
meta_magician,2023-03-14T21:24:19.1500000+00:00,0
andrew5555,2023-03-14T21:25:39.6520000+00:00,0
bonkey14,2023-03-14T21:26:39.7930000+00:00,0
fancyprince,2023-03-14T21:38:35.9330000+00:00,0
bonkey14,2023-03-14T21:50:55.6340000+00:00,0
fancyprince,2023-03-14T21:51:27.8700000+00:00,0
bonkey14,2023-03-14T21:52:36.5850000+00:00,0
fancyprince,2023-03-14T21:52:54.7600000+00:00,0
bonkey14,2023-03-14T21:54:38.9190000+00:00,0
bonkey14,2023-03-14T21:55:58.2730000+00:00,0
botcommander,2023-03-14T22:02:18.4740000+00:00,0
botcommander,2023-03-14T22:02:23.2330000+00:00,0
bonkey14,2023-03-14T22:04:41.1740000+00:00,0
capsador,2023-03-14T22:28:15.9300000+00:00,0
bonkey14,2023-03-14T22:46:42.3230000+00:00,0
brucewastaken,2023-03-14T23:47:59.5870000+00:00,0
aniforprez,2023-03-15T03:34:55.0820000+00:00,0
aniforprez,2023-03-15T03:43:28.7350000+00:00,0
aniforprez,2023-03-15T03:43:39.1740000+00:00,0
thetntm,2023-03-15T04:14:56.3180000+00:00,0
thetntm,2023-03-15T04:15:15.7280000+00:00,0
aniforprez,2023-03-15T05:05:22.2220000+00:00,0
aniforprez,2023-03-15T05:06:07.2620000+00:00,0
aniforprez,2023-03-15T05:06:24.5910000+00:00,0
aniforprez,2023-03-15T05:07:15.6760000+00:00,0
aniforprez,2023-03-15T06:33:08.4020000+00:00,0
eterna1ice,2023-03-15T06:34:42.0170000+00:00,0
aniforprez,2023-03-15T06:35:06.9300000+00:00,0
aniforprez,2023-03-15T06:35:15.7690000+00:00,0
eterna1ice,2023-03-15T06:35:38.6090000+00:00,0
fancyprince,2023-03-15T06:35:43.4130000+00:00,0
aniforprez,2023-03-15T06:36:05.2520000+00:00,0
fancyprince,2023-03-15T06:36:27.0630000+00:00,0
aniforprez,2023-03-15T06:36:36.3910000+00:00,0
aniforprez,2023-03-15T06:36:40.7640000+00:00,0
fancyprince,2023-03-15T06:37:11.4100000+00:00,0
fancyprince,2023-03-15T06:37:20.4210000+00:00,0
aniforprez,2023-03-15T06:37:27.1760000+00:00,0
aniforprez,2023-03-15T06:37:51.1720000+00:00,0
aniforprez,2023-03-15T06:38:05.3230000+00:00,0
aniforprez,2023-03-15T06:38:11.0520000+00:00,0
aniforprez,2023-03-15T06:38:19.6670000+00:00,0
eterna1ice,2023-03-15T06:39:03.5880000+00:00,0
aniforprez,2023-03-15T06:39:29.4310000+00:00,0
eterna1ice,2023-03-15T06:39:50.4750000+00:00,0
assistantweeby,2023-03-15T12:03:30.0240000+00:00,0
umbrene,2023-03-15T12:04:24.6150000+00:00,0
maddisonbaek,2023-03-15T12:05:24.7740000+00:00,0
aniforprez,2023-03-15T12:58:08.4940000+00:00,0
aniforprez,2023-03-15T12:58:28.8430000+00:00,0
paddele,2023-03-15T14:28:45.1690000+00:00,0
paddele,2023-03-15T14:28:50.2140000+00:00,0
meta_magician,2023-03-15T14:30:35.8220000+00:00,0
fancyprince,2023-03-15T14:57:57.2200000+00:00,0
aniforprez,2023-03-15T15:24:57.9240000+00:00,0
aniforprez,2023-03-15T15:25:21.7620000+00:00,0
aniforprez,2023-03-15T15:28:32.8060000+00:00,0
aniforprez,2023-03-15T15:29:00.1410000+00:00,0
meta_magician,2023-03-15T15:56:16.4320000+00:00,0
aniforprez,2023-03-15T15:57:05.4170000+00:00,0
andrew5555,2023-03-15T16:31:14.2460000+00:00,4
sqrrk,2023-03-15T16:38:45.4070000+00:00,0
aniforprez,2023-03-15T16:40:07.4400000+00:00,0
caputtes,2023-03-15T16:41:57.2440000+00:00,0
aniforprez,2023-03-15T16:45:24.3250000+00:00,0
aniforprez,2023-03-15T16:45:29.3390000+00:00,0
caputtes,2023-03-15T16:45:43.4320000+00:00,0
caputtes,2023-03-15T16:45:54.3700000+00:00,0
aniforprez,2023-03-15T16:47:08.3890000+00:00,0
caputtes,2023-03-15T16:49:15.7360000+00:00,0
bonkey14,2023-03-15T16:49:15.7570000+00:00,0
caputtes,2023-03-15T17:08:30.7260000+00:00,0
trexwithaglock,2023-03-15T17:11:04.0450000+00:00,0
aniforprez,2023-03-15T17:12:06.7220000+00:00,0
aniforprez,2023-03-15T17:12:11.2030000+00:00,0
ketrub,2023-03-15T17:12:28.7600000+00:00,0
trexwithaglock,2023-03-15T17:12:36.5230000+00:00,0
ketrub,2023-03-15T17:13:05.8000000+00:00,0
caputtes,2023-03-15T17:13:17.1960000+00:00,0
ketrub,2023-03-15T17:14:14.7350000+00:00,0
ketrub,2023-03-15T17:15:36.7250000+00:00,0
caputtes,2023-03-15T17:15:44.4180000+00:00,0
bonkey14,2023-03-15T17:16:01.0050000+00:00,0
sakubigryphon,2023-03-15T17:16:01.4230000+00:00,0
caputtes,2023-03-15T17:16:12.7040000+00:00,0
bonkey14,2023-03-15T17:16:43.7600000+00:00,0
edicus,2023-03-15T17:17:10.1930000+00:00,0
caputtes,2023-03-15T17:18:11.2120000+00:00,0
ketrub,2023-03-15T17:18:30.5960000+00:00,3
ketrub,2023-03-15T17:20:53.9360000+00:00,0
caputtes,2023-03-15T17:20:56.7720000+00:00,0
ketrub,2023-03-15T17:20:56.8410000+00:00,0
caputtes,2023-03-15T17:21:16.5670000+00:00,0
caputtes,2023-03-15T17:21:34.2770000+00:00,0
ketrub,2023-03-15T17:21:48.1260000+00:00,0
bonkey14,2023-03-15T17:24:17.9950000+00:00,0
bonkey14,2023-03-15T17:24:24.3870000+00:00,0
ketrub,2023-03-15T17:24:47.8470000+00:00,0
paddele,2023-03-15T17:25:06.0470000+00:00,0
paddele,2023-03-15T17:25:07.7870000+00:00,0
caputtes,2023-03-15T17:25:08.9210000+00:00,0
paddele,2023-03-15T17:25:10.0150000+00:00,0
caputtes,2023-03-15T17:25:20.5470000+00:00,0
ketrub,2023-03-15T17:25:26.2460000+00:00,0
ketrub,2023-03-15T17:25:37.2020000+00:00,0
bonkey14,2023-03-15T17:25:40.8810000+00:00,0
caputtes,2023-03-15T17:25:58.9920000+00:00,0
sakubigryphon,2023-03-15T17:26:25.8460000+00:00,0
ketrub,2023-03-15T17:26:41.7550000+00:00,0
ketrub,2023-03-15T17:26:45.7650000+00:00,0
caputtes,2023-03-15T17:26:49.7510000+00:00,0
ketrub,2023-03-15T17:27:03.3190000+00:00,0
naihillus,2023-03-15T17:27:12.2860000+00:00,0
ketrub,2023-03-15T17:27:38.0280000+00:00,0
caputtes,2023-03-15T17:28:10.5980000+00:00,0
naihillus,2023-03-15T17:28:10.7970000+00:00,0
sakubigryphon,2023-03-15T17:28:16.4780000+00:00,0
ketrub,2023-03-15T17:28:19.3510000+00:00,0
aniforprez,2023-03-15T17:28:50.7300000+00:00,0
ketrub,2023-03-15T17:28:55.8620000+00:00,0
aniforprez,2023-03-15T17:29:00.2400000+00:00,0
naihillus,2023-03-15T17:29:02.5870000+00:00,0
caputtes,2023-03-15T17:29:19.2520000+00:00,0
aniforprez,2023-03-15T17:29:59.8440000+00:00,0
caputtes,2023-03-15T17:31:11.4980000+00:00,0
naihillus,2023-03-15T17:31:24.4260000+00:00,10
naihillus,2023-03-15T17:32:48.3480000+00:00,0
ketrub,2023-03-15T17:33:07.1150000+00:00,0
caputtes,2023-03-15T17:33:10.2400000+00:00,0
bonkey14,2023-03-15T17:33:51.4190000+00:00,0
naihillus,2023-03-15T17:37:04.1150000+00:00,0
sakubigryphon,2023-03-15T17:37:10.4340000+00:00,0
ketrub,2023-03-15T17:37:20.8190000+00:00,0
ketrub,2023-03-15T17:37:22.7990000+00:00,0
paddele,2023-03-15T17:37:35.8750000+00:00,0
aniforprez,2023-03-15T17:37:38.4690000+00:00,0
ketrub,2023-03-15T17:37:51.1730000+00:00,0
aniforprez,2023-03-15T17:37:56.9860000+00:00,0
aniforprez,2023-03-15T17:38:04.7980000+00:00,0
sakubigryphon,2023-03-15T17:38:05.0870000+00:00,0
ketrub,2023-03-15T17:39:11.3840000+00:00,0
naihillus,2023-03-15T17:41:12.8440000+00:00,0
naihillus,2023-03-15T17:41:16.7390000+00:00,0
aniforprez,2023-03-15T17:41:44.5570000+00:00,0
naihillus,2023-03-15T17:48:50.9050000+00:00,0
bonkey14,2023-03-15T17:49:55.9900000+00:00,0
bonkey14,2023-03-15T17:50:31.1440000+00:00,0
bonkey14,2023-03-15T17:51:23.8940000+00:00,0
ketrub,2023-03-15T17:53:25.4110000+00:00,0
paddele,2023-03-15T17:58:49.0460000+00:00,0
aniforprez,2023-03-15T18:27:32.4660000+00:00,0
aniforprez,2023-03-15T18:27:43.6240000+00:00,0
eterna1ice,2023-03-15T18:32:13.1600000+00:00,0
aniforprez,2023-03-15T18:33:22.2690000+00:00,0
eterna1ice,2023-03-15T18:35:03.8670000+00:00,0
integralhamster,2023-03-15T18:57:46.5160000+00:00,0
sciembe,2023-03-15T18:59:38.9940000+00:00,0
sciembe,2023-03-15T18:59:46.3190000+00:00,0
sakubigryphon,2023-03-15T19:12:10.7290000+00:00,0
eterna1ice,2023-03-15T19:54:14.9760000+00:00,0
eterna1ice,2023-03-15T20:10:12.7900000+00:00,0
caputtes,2023-03-15T20:10:51.4560000+00:00,0
caputtes,2023-03-15T20:11:03.6730000+00:00,0
eterna1ice,2023-03-15T20:12:08.4580000+00:00,0
meta_magician,2023-03-15T20:15:53.7380000+00:00,0
luna.panda,2023-03-15T21:21:32.4810000+00:00,0
brucewastaken,2023-03-15T21:21:51.6930000+00:00,0
shvabra,2023-03-15T21:21:59.4470000+00:00,0
seseellybon,2023-03-15T21:29:54.0270000+00:00,0
caputtes,2023-03-15T21:41:12.4180000+00:00,0
ketrub,2023-03-15T21:47:38.2000000+00:00,0
caputtes,2023-03-15T21:47:44.1100000+00:00,0
ketrub,2023-03-15T22:12:48.9760000+00:00,0
ketrub,2023-03-15T22:16:28.0150000+00:00,0
aniforprez,2023-03-16T04:05:51.9030000+00:00,0
aniforprez,2023-03-16T04:06:23.1190000+00:00,0
thetntm,2023-03-16T04:08:42.7000000+00:00,0
thetntm,2023-03-16T04:09:15.2630000+00:00,0
aniforprez,2023-03-16T05:52:55.4050000+00:00,0
aniforprez,2023-03-16T05:55:40.7530000+00:00,0
thetntm,2023-03-16T06:02:24.7380000+00:00,0
thetntm,2023-03-16T06:02:47.7060000+00:00,0
fancyprince,2023-03-16T07:52:57.2810000+00:00,0
nevzky,2023-03-16T11:34:30.3680000+00:00,0
aniforprez,2023-03-16T11:43:26.9290000+00:00,0
aniforprez,2023-03-16T11:43:45.5170000+00:00,0
aniforprez,2023-03-16T11:44:08.6490000+00:00,0
aniforprez,2023-03-16T11:44:27.2790000+00:00,0
aniforprez,2023-03-16T11:44:53.2100000+00:00,0
fancyprince,2023-03-16T12:07:13.3110000+00:00,0
luna.panda,2023-03-16T12:11:42.4930000+00:00,0
meta_magician,2023-03-16T12:25:47.0970000+00:00,0
nevzky,2023-03-16T12:42:08.5170000+00:00,0
nevzky,2023-03-16T12:42:12.6730000+00:00,0
jonoridge,2023-03-16T16:02:40.5830000+00:00,0
sakubigryphon,2023-03-16T16:06:54.4200000+00:00,0
aniforprez,2023-03-16T16:13:00.6540000+00:00,0
jonoridge,2023-03-16T16:18:20.0560000+00:00,1
aniforprez,2023-03-16T16:21:30.0730000+00:00,0
aniforprez,2023-03-16T16:21:49.4540000+00:00,0
sakubigryphon,2023-03-16T16:22:13.7600000+00:00,0
sakubigryphon,2023-03-16T16:22:44.8570000+00:00,0
aniforprez,2023-03-16T16:23:23.6130000+00:00,0
aniforprez,2023-03-16T16:23:44.2590000+00:00,0
sakubigryphon,2023-03-16T16:26:49.7620000+00:00,0
eterna1ice,2023-03-16T16:27:53.2860000+00:00,2
aniforprez,2023-03-16T16:27:57.6920000+00:00,0
aniforprez,2023-03-16T16:28:38.7910000+00:00,0
sakubigryphon,2023-03-16T16:29:29.9100000+00:00,0
eterna1ice,2023-03-16T16:29:30.0600000+00:00,0
eterna1ice,2023-03-16T16:30:42.1460000+00:00,0
caputtes,2023-03-16T16:33:50.1250000+00:00,0
caputtes,2023-03-16T16:34:20.2220000+00:00,0
paddele,2023-03-16T16:35:21.2050000+00:00,0
paddele,2023-03-16T16:35:50.0190000+00:00,0
aniforprez,2023-03-16T16:35:50.5640000+00:00,0
paddele,2023-03-16T16:36:07.7160000+00:00,0
caputtes,2023-03-16T16:36:54.5420000+00:00,0
eterna1ice,2023-03-16T16:37:36.5880000+00:00,0
caputtes,2023-03-16T16:46:34.2070000+00:00,0
luna.panda,2023-03-16T16:51:03.9450000+00:00,0
capsador,2023-03-16T16:51:56.8310000+00:00,0
capsador,2023-03-16T16:52:24.1350000+00:00,0
caputtes,2023-03-16T16:52:46.1580000+00:00,0
bonkey14,2023-03-16T16:52:50.7450000+00:00,0
sakubigryphon,2023-03-16T16:54:43.0670000+00:00,0
bonkey14,2023-03-16T16:55:16.4470000+00:00,0
aniforprez,2023-03-16T16:56:22.6180000+00:00,0
aniforprez,2023-03-16T16:56:35.4250000+00:00,0
aniforprez,2023-03-16T16:57:29.8200000+00:00,3
sakubigryphon,2023-03-16T17:00:36.0650000+00:00,0
luna.panda,2023-03-16T17:01:52.3020000+00:00,0
luna.panda,2023-03-16T17:02:44.5550000+00:00,0
sakubigryphon,2023-03-16T17:03:24.2580000+00:00,0
luna.panda,2023-03-16T17:04:17.4930000+00:00,0
caputtes,2023-03-16T17:05:30.0250000+00:00,0
luna.panda,2023-03-16T17:06:53.6850000+00:00,0
caputtes,2023-03-16T17:08:12.9580000+00:00,0
bonkey14,2023-03-16T17:09:06.4670000+00:00,0
caputtes,2023-03-16T17:10:55.5110000+00:00,0
luna.panda,2023-03-16T17:11:17.3150000+00:00,0
caputtes,2023-03-16T17:11:33.9440000+00:00,0
sakubigryphon,2023-03-16T17:12:11.0720000+00:00,0
fancyprince,2023-03-16T17:12:22.1480000+00:00,0
caputtes,2023-03-16T17:12:22.8010000+00:00,0
edicus,2023-03-16T17:13:09.4650000+00:00,3
caputtes,2023-03-16T17:14:26.8090000+00:00,0
luna.panda,2023-03-16T17:14:45.5780000+00:00,0
caputtes,2023-03-16T17:15:15.4250000+00:00,0
luna.panda,2023-03-16T17:16:35.0510000+00:00,0
caputtes,2023-03-16T17:17:06.1500000+00:00,0
caputtes,2023-03-16T17:18:01.0330000+00:00,0
ketrub,2023-03-16T17:18:23.3580000+00:00,0
caputtes,2023-03-16T17:18:35.3070000+00:00,0
ketrub,2023-03-16T17:19:26.9490000+00:00,0
ketrub,2023-03-16T17:19:29.6540000+00:00,0
bonkey14,2023-03-16T17:19:57.2910000+00:00,0
aniforprez,2023-03-16T17:19:57.8020000+00:00,0
capsador,2023-03-16T17:26:13.9420000+00:00,0
edicus,2023-03-16T17:26:22.5980000+00:00,0
ketrub,2023-03-16T17:26:24.9790000+00:00,0
ketrub,2023-03-16T17:26:27.2760000+00:00,0
ketrub,2023-03-16T17:26:30.0140000+00:00,0
edicus,2023-03-16T17:26:33.4760000+00:00,0
ketrub,2023-03-16T17:26:33.8420000+00:00,0
edicus,2023-03-16T17:26:36.3400000+00:00,0
ketrub,2023-03-16T17:26:39.3210000+00:00,0
ketrub,2023-03-16T17:26:40.3110000+00:00,0
ketrub,2023-03-16T17:26:44.3590000+00:00,0
edicus,2023-03-16T17:26:44.6920000+00:00,0
edicus,2023-03-16T17:27:47.1980000+00:00,0
ketrub,2023-03-16T17:28:59.6570000+00:00,2
ketrub,2023-03-16T17:29:11.1500000+00:00,0
ketrub,2023-03-16T17:30:30.9900000+00:00,0
ketrub,2023-03-16T17:30:37.8860000+00:00,0
ketrub,2023-03-16T17:30:39.2290000+00:00,0
ketrub,2023-03-16T17:30:43.7930000+00:00,0
caputtes,2023-03-16T17:30:53.4760000+00:00,0
sakubigryphon,2023-03-16T17:30:57.0980000+00:00,0
caputtes,2023-03-16T17:31:14.6810000+00:00,0
ketrub,2023-03-16T17:31:27.3150000+00:00,0
caputtes,2023-03-16T17:31:43.6820000+00:00,0
ketrub,2023-03-16T17:31:50.2550000+00:00,0
ketrub,2023-03-16T17:31:54.2030000+00:00,0
bonkey14,2023-03-16T17:31:55.4110000+00:00,0
caputtes,2023-03-16T17:32:04.5500000+00:00,0
ketrub,2023-03-16T17:32:23.3450000+00:00,0
caputtes,2023-03-16T17:33:41.2190000+00:00,0
ketrub,2023-03-16T17:34:16.3940000+00:00,0
ketrub,2023-03-16T17:34:16.9760000+00:00,0
ketrub,2023-03-16T17:34:20.0720000+00:00,0
ketrub,2023-03-16T17:34:42.3750000+00:00,0
caputtes,2023-03-16T17:34:48.8060000+00:00,0
ketrub,2023-03-16T17:34:49.8500000+00:00,0
caputtes,2023-03-16T17:35:04.7200000+00:00,0
ketrub,2023-03-16T17:35:10.5230000+00:00,0
ketrub,2023-03-16T17:35:15.9100000+00:00,0
ketrub,2023-03-16T17:35:37.9780000+00:00,0
ketrub,2023-03-16T17:35:46.4650000+00:00,0
ketrub,2023-03-16T17:35:52.6980000+00:00,0
ketrub,2023-03-16T17:35:59.6860000+00:00,0
sakubigryphon,2023-03-16T17:36:01.1260000+00:00,0
ketrub,2023-03-16T17:36:06.0560000+00:00,0
ketrub,2023-03-16T17:36:15.7410000+00:00,0
ketrub,2023-03-16T17:36:19.4070000+00:00,0
ketrub,2023-03-16T17:36:21.8690000+00:00,0
bonkey14,2023-03-16T17:37:20.7680000+00:00,0
paddele,2023-03-16T17:37:46.3780000+00:00,0
caputtes,2023-03-16T17:37:49.1570000+00:00,0
caputtes,2023-03-16T17:38:07.5500000+00:00,0
ketrub,2023-03-16T17:38:18.7720000+00:00,0
caputtes,2023-03-16T17:38:38.9070000+00:00,0
sakubigryphon,2023-03-16T17:38:48.0900000+00:00,0
ketrub,2023-03-16T17:38:56.5910000+00:00,0
sakubigryphon,2023-03-16T17:38:57.6000000+00:00,0
ketrub,2023-03-16T17:39:02.1440000+00:00,0
ketrub,2023-03-16T17:39:06.7580000+00:00,0
caputtes,2023-03-16T17:39:28.0880000+00:00,0
ketrub,2023-03-16T17:39:43.0130000+00:00,0
caputtes,2023-03-16T17:39:43.3540000+00:00,0
sakubigryphon,2023-03-16T17:39:48.8820000+00:00,0
sakubigryphon,2023-03-16T17:39:57.6550000+00:00,0
ketrub,2023-03-16T17:40:04.3110000+00:00,0
caputtes,2023-03-16T17:40:40.9540000+00:00,0
ketrub,2023-03-16T17:41:07.3960000+00:00,0
ketrub,2023-03-16T17:41:18.6820000+00:00,0
sakubigryphon,2023-03-16T17:41:35.5480000+00:00,0
ketrub,2023-03-16T17:42:12.7570000+00:00,0
ketrub,2023-03-16T17:42:49.2080000+00:00,0
caputtes,2023-03-16T17:43:29.9800000+00:00,0
luna.panda,2023-03-16T17:43:32.8020000+00:00,0
luna.panda,2023-03-16T17:43:40.3200000+00:00,0
edicus,2023-03-16T17:54:07.8790000+00:00,3
caputtes,2023-03-16T17:56:03.7200000+00:00,4
bonkey14,2023-03-16T17:56:11.6170000+00:00,0
ketrub,2023-03-16T17:56:40.5510000+00:00,0
sakubigryphon,2023-03-16T17:58:42.3130000+00:00,0
ketrub,2023-03-16T17:58:42.8590000+00:00,0
caputtes,2023-03-16T17:59:18.2220000+00:00,0
ketrub,2023-03-16T17:59:51.6170000+00:00,0
bonkey14,2023-03-16T17:59:57.5100000+00:00,0
caputtes,2023-03-16T18:05:41.9530000+00:00,0
ketrub,2023-03-16T18:05:54.8250000+00:00,0
bonkey14,2023-03-16T18:07:55.9050000+00:00,0
fancyprince,2023-03-16T18:09:03.0040000+00:00,0
caputtes,2023-03-16T18:22:54.0480000+00:00,0
ketrub,2023-03-16T18:22:54.6860000+00:00,0
ketrub,2023-03-16T18:23:00.1460000+00:00,0
caputtes,2023-03-16T18:23:27.0470000+00:00,0
fancyprince,2023-03-16T18:24:04.8450000+00:00,0
caputtes,2023-03-16T18:24:14.7190000+00:00,0
luna.panda,2023-03-16T18:24:19.8300000+00:00,0
luna.panda,2023-03-16T18:25:15.3910000+00:00,0
paddele,2023-03-16T18:25:17.6480000+00:00,0
caputtes,2023-03-16T18:25:22.1900000+00:00,0
bonkey14,2023-03-16T18:25:29.2980000+00:00,0
ketrub,2023-03-16T18:25:32.7330000+00:00,0
ketrub,2023-03-16T18:25:38.1700000+00:00,0
caputtes,2023-03-16T18:25:56.4140000+00:00,0
edicus,2023-03-16T18:26:05.4910000+00:00,0
ketrub,2023-03-16T18:26:24.1130000+00:00,0
fancyprince,2023-03-16T18:26:33.8440000+00:00,0
sakubigryphon,2023-03-16T18:26:36.8010000+00:00,0
caputtes,2023-03-16T18:27:01.3220000+00:00,0
edicus,2023-03-16T18:27:08.1950000+00:00,0
ketrub,2023-03-16T18:27:17.3560000+00:00,0
edicus,2023-03-16T18:27:21.2100000+00:00,0
fancyprince,2023-03-16T18:27:32.7810000+00:00,0
caputtes,2023-03-16T18:27:40.4130000+00:00,0
ketrub,2023-03-16T18:27:40.8030000+00:00,0
edicus,2023-03-16T18:27:54.4000000+00:00,0
bonkey14,2023-03-16T18:27:56.5330000+00:00,0
fancyprince,2023-03-16T18:28:07.3050000+00:00,0
ketrub,2023-03-16T18:28:20.1250000+00:00,0
ketrub,2023-03-16T18:28:21.6310000+00:00,0
ketrub,2023-03-16T18:28:27.5450000+00:00,0
caputtes,2023-03-16T18:28:31.9110000+00:00,0
andrew5555,2023-03-16T18:28:46.0980000+00:00,0
caputtes,2023-03-16T18:29:02.0750000+00:00,0
sakubigryphon,2023-03-16T18:29:22.2260000+00:00,0
andrew5555,2023-03-16T18:29:22.5660000+00:00,0
caputtes,2023-03-16T18:29:33.8830000+00:00,0
andrew5555,2023-03-16T18:29:41.0700000+00:00,0
andrew5555,2023-03-16T18:29:46.5810000+00:00,0
caputtes,2023-03-16T18:30:08.5840000+00:00,0
ketrub,2023-03-16T18:30:21.5140000+00:00,0
caputtes,2023-03-16T18:30:28.0200000+00:00,0
ketrub,2023-03-16T18:30:45.5870000+00:00,0
caputtes,2023-03-16T18:30:52.3450000+00:00,0
fancyprince,2023-03-16T18:31:37.6510000+00:00,0
fancyprince,2023-03-16T18:31:42.0440000+00:00,0
chickenhunter,2023-03-16T18:31:54.0930000+00:00,0
bonkey14,2023-03-16T18:32:08.6760000+00:00,0
fancyprince,2023-03-16T18:32:16.3630000+00:00,0
caputtes,2023-03-16T18:32:57.2050000+00:00,0
fancyprince,2023-03-16T18:33:44.8960000+00:00,0
caputtes,2023-03-16T18:34:03.8000000+00:00,0
bonkey14,2023-03-16T18:34:36.0550000+00:00,0
caputtes,2023-03-16T18:36:40.1020000+00:00,0
sakubigryphon,2023-03-16T18:40:48.7090000+00:00,0
ketrub,2023-03-16T18:43:55.1800000+00:00,0
ketrub,2023-03-16T18:44:34.5310000+00:00,0
ketrub,2023-03-16T18:45:08.2140000+00:00,0
madbuk,2023-03-16T18:45:37.2150000+00:00,0
ketrub,2023-03-16T18:45:40.9230000+00:00,0
madbuk,2023-03-16T18:45:45.4550000+00:00,0
andrew5555,2023-03-16T18:45:57.6520000+00:00,0
andrew5555,2023-03-16T18:46:02.9880000+00:00,0
aerolfos,2023-03-16T18:47:37.8670000+00:00,0
ketrub,2023-03-16T18:48:03.7850000+00:00,0
aerolfos,2023-03-16T18:48:14.8320000+00:00,0
ketrub,2023-03-16T18:48:22.6390000+00:00,0
aerolfos,2023-03-16T18:48:26.0480000+00:00,0
aerolfos,2023-03-16T18:48:26.9680000+00:00,0
aerolfos,2023-03-16T18:48:42.0670000+00:00,0
ketrub,2023-03-16T18:49:01.2730000+00:00,0
bonkey14,2023-03-16T18:50:14.1690000+00:00,0
fancyprince,2023-03-16T18:51:12.5560000+00:00,0
aerolfos,2023-03-16T18:51:29.3300000+00:00,0
sakubigryphon,2023-03-16T18:51:44.2630000+00:00,0
aerolfos,2023-03-16T18:51:46.3620000+00:00,0
ketrub,2023-03-16T18:51:59.7770000+00:00,0
aerolfos,2023-03-16T18:52:00.0000000+00:00,0
aerolfos,2023-03-16T18:52:14.0890000+00:00,0
ketrub,2023-03-16T18:52:16.6730000+00:00,0
ketrub,2023-03-16T18:52:21.4040000+00:00,0
aerolfos,2023-03-16T18:52:21.6190000+00:00,0
ketrub,2023-03-16T18:52:24.4350000+00:00,0
ketrub,2023-03-16T18:52:30.6100000+00:00,0
aerolfos,2023-03-16T18:52:39.7540000+00:00,0
aerolfos,2023-03-16T18:52:41.4600000+00:00,0
ketrub,2023-03-16T18:52:50.1290000+00:00,0
ketrub,2023-03-16T18:52:55.4730000+00:00,0
ketrub,2023-03-16T18:53:04.9520000+00:00,0
ketrub,2023-03-16T18:53:13.9190000+00:00,0
ketrub,2023-03-16T18:53:14.8030000+00:00,0
sakubigryphon,2023-03-16T18:53:23.2870000+00:00,0
aerolfos,2023-03-16T18:53:28.1400000+00:00,0
aerolfos,2023-03-16T18:53:32.9170000+00:00,0
ketrub,2023-03-16T18:53:54.3420000+00:00,0
ketrub,2023-03-16T18:53:56.5350000+00:00,0
aerolfos,2023-03-16T18:54:04.0700000+00:00,0
aerolfos,2023-03-16T18:54:22.7050000+00:00,0
ketrub,2023-03-16T18:55:12.8360000+00:00,0
aerolfos,2023-03-16T18:55:22.8210000+00:00,0
ketrub,2023-03-16T18:55:48.0040000+00:00,0
sakubigryphon,2023-03-16T18:56:17.9960000+00:00,0
andrew5555,2023-03-16T18:56:51.9080000+00:00,0
andrew5555,2023-03-16T18:57:05.0210000+00:00,0
andrew5555,2023-03-16T18:57:13.2260000+00:00,0
edicus,2023-03-16T18:57:41.0740000+00:00,0
sakubigryphon,2023-03-16T18:57:48.7840000+00:00,0
sqrrk,2023-03-16T18:57:53.0000000+00:00,0
ketrub,2023-03-16T18:57:53.8260000+00:00,0
bonkey14,2023-03-16T18:58:13.4520000+00:00,0
fancyprince,2023-03-16T18:58:15.5850000+00:00,2
ketrub,2023-03-16T19:01:29.3980000+00:00,0
sakubigryphon,2023-03-16T19:02:32.2950000+00:00,0
bonkey14,2023-03-16T19:03:46.6460000+00:00,0
sakubigryphon,2023-03-16T19:04:34.4060000+00:00,0
ketrub,2023-03-16T19:10:39.8120000+00:00,0
ketrub,2023-03-16T19:11:15.9350000+00:00,0
anumess,2023-03-16T19:11:48.5640000+00:00,0
andrew5555,2023-03-16T19:12:18.8050000+00:00,0
andrew5555,2023-03-16T19:12:50.5520000+00:00,0
ketrub,2023-03-16T19:12:55.5880000+00:00,0
andrew5555,2023-03-16T19:13:08.0670000+00:00,0
bonkey14,2023-03-16T19:13:19.3770000+00:00,0
ketrub,2023-03-16T19:13:43.7450000+00:00,0
ketrub,2023-03-16T19:18:27.1880000+00:00,0
ketrub,2023-03-16T19:20:02.2650000+00:00,0
ketrub,2023-03-16T19:20:13.2520000+00:00,0
ketrub,2023-03-16T19:20:56.8010000+00:00,0
ketrub,2023-03-16T19:21:05.5870000+00:00,0
ketrub,2023-03-16T19:21:19.6520000+00:00,0
ketrub,2023-03-16T19:21:20.9280000+00:00,0
ketrub,2023-03-16T19:21:41.2580000+00:00,3
ketrub,2023-03-16T19:21:44.9350000+00:00,0
ketrub,2023-03-16T19:22:04.6900000+00:00,0
bonkey14,2023-03-16T19:24:01.9610000+00:00,0
174rfm,2023-03-16T19:24:52.6300000+00:00,0
ketrub,2023-03-16T19:28:47.1540000+00:00,0
ketrub,2023-03-16T19:29:07.7140000+00:00,0
bonkey14,2023-03-16T19:29:17.9440000+00:00,0
ketrub,2023-03-16T19:29:25.7340000+00:00,0
ketrub,2023-03-16T19:30:01.1330000+00:00,0
sakubigryphon,2023-03-16T19:30:14.5120000+00:00,0
ketrub,2023-03-16T19:31:28.4420000+00:00,0
ketrub,2023-03-16T19:33:40.8670000+00:00,0
ketrub,2023-03-16T19:35:38.6340000+00:00,0
ketrub,2023-03-16T19:35:53.6150000+00:00,0
ketrub,2023-03-16T19:35:54.4150000+00:00,0
sakubigryphon,2023-03-16T19:36:01.8450000+00:00,0
ketrub,2023-03-16T19:36:15.3280000+00:00,0
capsador,2023-03-16T19:45:38.0840000+00:00,0
fancyprince,2023-03-16T19:51:02.1420000+00:00,0
ketrub,2023-03-16T19:51:14.5480000+00:00,0
sakubigryphon,2023-03-16T19:51:29.0620000+00:00,0
bonkey14,2023-03-16T19:51:40.1180000+00:00,0
fancyprince,2023-03-16T19:51:48.5240000+00:00,0
sakubigryphon,2023-03-16T19:52:02.1910000+00:00,1
bad_fetus,2023-03-16T19:52:21.0360000+00:00,0
fancyprince,2023-03-16T19:52:29.5970000+00:00,0
fancyprince,2023-03-16T19:52:40.7610000+00:00,0
bad_fetus,2023-03-16T19:53:23.1220000+00:00,0
paddele,2023-03-16T19:54:11.0750000+00:00,0
sakubigryphon,2023-03-16T19:54:46.3500000+00:00,0
sakubigryphon,2023-03-16T20:01:03.6810000+00:00,0
andrew5555,2023-03-16T20:15:40.3090000+00:00,0
botcommander,2023-03-16T20:21:53.2750000+00:00,0
ketrub,2023-03-16T20:23:22.7900000+00:00,0
ketrub,2023-03-16T20:23:34.9820000+00:00,0
minikont,2023-03-16T20:24:04.2800000+00:00,0
ketrub,2023-03-16T20:24:15.0090000+00:00,0
botcommander,2023-03-16T20:24:25.2030000+00:00,0
ketrub,2023-03-16T20:24:28.6720000+00:00,0
botcommander,2023-03-16T20:24:39.1030000+00:00,0
ketrub,2023-03-16T20:24:50.8530000+00:00,0
ketrub,2023-03-16T20:25:25.3010000+00:00,0
fancyprince,2023-03-16T20:31:33.4240000+00:00,0
ketrub,2023-03-16T20:31:43.5400000+00:00,0
ketrub,2023-03-16T20:31:49.8310000+00:00,0
ketrub,2023-03-16T20:31:51.0390000+00:00,0
minikont,2023-03-16T20:32:22.0040000+00:00,0
ketrub,2023-03-16T20:32:22.2920000+00:00,0
ketrub,2023-03-16T20:32:47.6180000+00:00,0
nagitosweatyarmpits,2023-03-16T20:35:06.0330000+00:00,0
ketrub,2023-03-16T20:35:33.9930000+00:00,0
ketrub,2023-03-16T20:35:34.9190000+00:00,0
ketrub,2023-03-16T20:35:43.5560000+00:00,0
nagitosweatyarmpits,2023-03-16T20:35:56.9300000+00:00,0
ketrub,2023-03-16T20:36:10.2840000+00:00,0
ketrub,2023-03-16T20:36:23.2770000+00:00,0
nagitosweatyarmpits,2023-03-16T20:36:35.6700000+00:00,0
aerolfos,2023-03-16T20:36:44.3750000+00:00,0
nagitosweatyarmpits,2023-03-16T20:36:44.9150000+00:00,0
ketrub,2023-03-16T20:37:02.7870000+00:00,0
aerolfos,2023-03-16T20:37:04.6150000+00:00,0
fancyprince,2023-03-16T20:37:41.7350000+00:00,0
nagitosweatyarmpits,2023-03-16T20:38:04.7980000+00:00,0
ketrub,2023-03-16T20:38:08.7210000+00:00,0
ketrub,2023-03-16T20:38:09.5370000+00:00,0
fancyprince,2023-03-16T20:38:16.5820000+00:00,0
ketrub,2023-03-16T20:39:49.6520000+00:00,0
ketrub,2023-03-16T20:39:51.7020000+00:00,0
ketrub,2023-03-16T20:39:53.0830000+00:00,0
fancyprince,2023-03-16T20:40:12.0900000+00:00,0
fancyprince,2023-03-16T20:40:26.2650000+00:00,0
ketrub,2023-03-16T20:40:46.7640000+00:00,0
bonkey14,2023-03-16T20:40:48.3570000+00:00,0
bonkey14,2023-03-16T20:40:56.2200000+00:00,0
ketrub,2023-03-16T20:40:58.8780000+00:00,0
ketrub,2023-03-16T20:41:10.0650000+00:00,0
fancyprince,2023-03-16T20:41:10.8310000+00:00,0
ketrub,2023-03-16T20:42:58.7550000+00:00,0
ketrub,2023-03-16T20:44:01.0100000+00:00,0
caputtes,2023-03-16T20:48:12.0980000+00:00,0
bonkey14,2023-03-16T20:48:39.3010000+00:00,0
bonkey14,2023-03-16T20:48:48.7960000+00:00,0
caputtes,2023-03-16T20:49:04.2030000+00:00,0
bonkey14,2023-03-16T20:49:37.3560000+00:00,0
caputtes,2023-03-16T20:49:55.2930000+00:00,0
bonkey14,2023-03-16T20:50:51.6480000+00:00,0
caputtes,2023-03-16T20:52:26.6580000+00:00,0
minikont,2023-03-16T20:53:26.9070000+00:00,0
ketrub,2023-03-16T20:53:49.7550000+00:00,0
caputtes,2023-03-16T20:58:04.8330000+00:00,0
brucewastaken,2023-03-16T20:58:41.0090000+00:00,0
ketrub,2023-03-16T20:59:39.1840000+00:00,0
assistantweeby,2023-03-16T20:59:40.8640000+00:00,0
aerolfos,2023-03-16T20:59:46.9780000+00:00,0
caputtes,2023-03-16T20:59:51.0230000+00:00,0
bonkey14,2023-03-16T20:59:55.8940000+00:00,0
caputtes,2023-03-16T20:59:56.2000000+00:00,0
ketrub,2023-03-16T21:00:05.3570000+00:00,0
bonkey14,2023-03-16T21:00:19.3500000+00:00,0
bonkey14,2023-03-16T21:00:32.0560000+00:00,0
ketrub,2023-03-16T21:00:36.2210000+00:00,0
ketrub,2023-03-16T21:01:45.9290000+00:00,0
vichilangelo,2023-03-16T21:09:05.1430000+00:00,0
ketrub,2023-03-16T21:09:16.6410000+00:00,0
ketrub,2023-03-16T21:09:18.5790000+00:00,0
ketrub,2023-03-16T21:09:44.2590000+00:00,0
caputtes,2023-03-16T21:09:58.8180000+00:00,0
caputtes,2023-03-16T21:10:58.3690000+00:00,0
caputtes,2023-03-16T21:11:06.6520000+00:00,0
bonkey14,2023-03-16T21:11:18.6400000+00:00,0
brucewastaken,2023-03-16T21:11:51.4460000+00:00,0
caputtes,2023-03-16T21:12:00.7740000+00:00,0
brucewastaken,2023-03-16T21:12:08.8130000+00:00,0
caputtes,2023-03-16T21:17:34.8520000+00:00,0
caputtes,2023-03-16T21:20:02.8390000+00:00,0
vichilangelo,2023-03-16T21:20:18.5900000+00:00,0
fancyprince,2023-03-16T21:21:01.9810000+00:00,4
caputtes,2023-03-16T21:22:24.4250000+00:00,0
fancyprince,2023-03-16T21:44:19.5720000+00:00,0
brucewastaken,2023-03-16T21:47:56.6050000+00:00,0
eterna1ice,2023-03-16T21:52:41.6870000+00:00,0
botcommander,2023-03-16T22:01:21.3990000+00:00,0
luna.panda,2023-03-16T22:03:36.5010000+00:00,0
bonkey14,2023-03-16T22:05:07.0470000+00:00,0
nagitosweatyarmpits,2023-03-16T22:05:11.4320000+00:00,0
caputtes,2023-03-16T22:13:48.8310000+00:00,0
caputtes,2023-03-16T22:14:03.5680000+00:00,0
caputtes,2023-03-16T22:19:11.4480000+00:00,0
tisaric,2023-03-16T22:20:17.0260000+00:00,0
caputtes,2023-03-16T22:24:49.7720000+00:00,0
bonkey14,2023-03-16T22:25:50.5390000+00:00,19
aerolfos,2023-03-16T22:39:00.5480000+00:00,0
botcommander,2023-03-16T22:41:57.4820000+00:00,0
temya,2023-03-16T23:07:40.6450000+00:00,0
siqoisoc7w,2023-03-16T23:11:26.8730000+00:00,0
anumess,2023-03-16T23:15:13.4630000+00:00,0
sciembe,2023-03-16T23:20:16.4000000+00:00,0
sciembe,2023-03-16T23:20:40.1260000+00:00,0
caputtes,2023-03-16T23:24:33.6410000+00:00,0
siqoisoc7w,2023-03-16T23:24:55.8820000+00:00,0
_naya_,2023-03-16T23:26:38.0330000+00:00,0
sciembe,2023-03-16T23:27:27.9100000+00:00,0
caputtes,2023-03-16T23:30:06.4740000+00:00,0
bonkey14,2023-03-16T23:38:10.1350000+00:00,0
kusoro,2023-03-16T23:57:01.1650000+00:00,0
sakubigryphon,2023-03-16T23:58:51.6050000+00:00,0
toshiro276,2023-03-17T00:02:29.3590000+00:00,0
nagitosweatyarmpits,2023-03-17T00:12:15.2750000+00:00,0
ironrath,2023-03-17T00:21:56.2500000+00:00,10
elliekiss,2023-03-17T01:08:42.6270000+00:00,0
Deleted User,2023-03-17T01:34:12.6740000+00:00,0
pompomss,2023-03-17T01:42:48.2930000+00:00,253
