Date,archived stream spoiler chats/13-sentinels-spoiler-chat,archived stream spoiler chats/armored-core-spoiler-garage,archived stream spoiler chats/botwtotk-shrine-spoiler,archived stream spoiler chats/call-me-al-somnium-spoiler,archived stream spoiler chats/dp-spoiler-chat-on-jads,archived stream spoiler chats/ff16-spoilers,archived stream spoiler chats/ghost-trick-spoilers,archived stream spoiler chats/inscryption-spoiler-deck,archived stream spoiler chats/lis-true-colors-spoilers,archived stream spoiler chats/outer-wilds-spoiler-chat,archived stream spoiler chats/rabiribi-spoiler-burrow-for-some-reason,archived stream spoiler chats/staaaaaaaaaaaaaaaaaaahfield-spoiler-den,archived stream spoiler chats/va11-hall-of-spoilers,archived stream spoiler chats/you-can-call-me-ai-2-spoiler-chat,archived stream spoiler chats/zero-escape-spoiler-chan,dragons-den/9-rows-9-columns-9-boxes,dragons-den/AI-Somnium-Files-2-spoiler-den,dragons-den/baldurs-gate-3-goty-den,dragons-den/Elden-Ring-Pen-Shadow-of-the-Nerd-Tree,dragons-den/evolve-idol,dragons-den/game-jam-dvd,dragons-den/GoW-Raggyrock-spoiler-Den,dragons-den/Guilty-Gear-Den,dragons-den/Jenshin-Den,dragons-den/roguelike-den,Important/announcements,Important/stream-announcements,MAIN/cringe-cafe,MAIN/dragons-den,MAIN/general,MAIN/mental-health,MAIN/share-stuff-you-made,Stream Stuff/jadseya-awards-2023,Stream Stuff/stream-art-museum
2022-01-01 00:00:00+00:00,0,0,0,0,0,0,0,0,0,0,0,0,0,0,0,0,0,0,0,0,0,0,76,253,0,0,0,120,3012,139,20,60,0,0
2022-01-02 00:00:00+00:00,0,0,0,0,0,0,0,0,0,0,0,0,0,0,0,0,0,0,0,0,0,0,421,736,0,0,0,205,4862,258,16,78,0,0
2022-01-03 00:00:00+00:00,0,0,0,0,0,0,0,0,0,0,0,0,0,0,0,0,0,0,0,0,0,0,157,1003,0,0,0,84,8227,262,16,100,0,0
2022-01-04 00:00:00+00:00,0,0,0,0,0,0,0,0,0,0,0,0,0,0,0,0,0,0,0,0,0,0,265,962,0,0,0,457,6725,448,0,152,0,0
2022-01-05 00:00:00+00:00,0,0,0,0,0,0,0,0,0,0,0,0,0,0,0,0,0,0,0,0,0,0,57,2299,0,0,0,317,5479,254,29,99,0,0
2022-01-06 00:00:00+00:00,0,0,0,0,0,0,0,0,0,0,0,0,0,0,0,0,0,0,0,0,0,0,422,1235,0,0,0,489,6668,232,13,57,0,0
2022-01-07 00:00:00+00:00,0,0,0,0,0,0,0,0,0,0,0,0,0,0,0,0,0,0,0,0,0,0,97,1733,0,0,0,211,7676,482,0,64,0,0
2022-01-08 00:00:00+00:00,0,0,0,0,0,0,0,0,0,0,0,0,0,0,0,0,0,0,0,0,0,0,77,405,0,0,0,107,8106,127,0,82,0,0
2022-01-09 00:00:00+00:00,0,0,0,0,0,0,0,0,0,0,0,0,0,0,0,0,0,0,0,0,0,0,52,1090,0,0,0,268,7510,320,4,25,0,0
2022-01-10 00:00:00+00:00,0,0,0,0,0,0,0,0,0,0,0,0,0,0,0,0,0,0,0,0,0,0,17,490,0,0,0,2002,11707,881,4,55,0,0
2022-01-11 00:00:00+00:00,0,0,0,0,0,0,0,0,0,0,0,0,0,0,0,0,0,0,0,0,0,0,55,1122,0,0,0,540,10982,631,26,58,0,0
2022-01-12 00:00:00+00:00,0,0,0,0,0,0,0,0,0,0,0,0,0,0,0,0,0,0,0,0,0,0,93,349,0,0,0,401,9071,370,25,64,0,0
2022-01-13 00:00:00+00:00,0,0,0,0,0,0,0,0,0,0,0,0,0,0,0,0,0,0,0,0,0,0,40,880,0,0,0,341,8457,376,3,61,0,0
2022-01-14 00:00:00+00:00,0,0,0,0,0,0,0,0,0,0,0,0,0,0,0,0,0,0,0,0,0,0,111,273,0,0,0,354,9529,414,10,74,0,0
2022-01-15 00:00:00+00:00,0,0,0,0,0,0,0,0,0,0,0,0,0,0,0,0,0,0,0,0,0,0,41,529,0,0,0,192,8163,228,0,49,0,0
2022-01-16 00:00:00+00:00,0,0,0,0,0,0,0,0,0,0,0,0,0,0,0,0,0,0,0,0,0,0,80,749,0,0,0,213,9107,259,3,44,0,0
2022-01-17 00:00:00+00:00,0,0,0,0,0,0,0,0,0,0,0,0,0,0,0,0,0,0,0,0,0,0,16,247,0,0,0,105,12597,67,19,52,0,0
2022-01-18 00:00:00+00:00,0,0,0,0,0,0,0,0,0,0,0,0,0,0,0,0,0,0,0,0,0,0,41,366,0,0,0,944,8377,304,9,77,0,0
2022-01-19 00:00:00+00:00,0,0,0,0,0,0,0,0,0,0,0,0,0,0,0,0,0,0,0,0,0,0,2,247,0,0,0,138,7850,541,31,47,0,0
2022-01-20 00:00:00+00:00,0,0,0,0,0,0,0,0,0,0,0,0,0,0,0,0,0,0,0,0,0,0,22,99,0,0,0,162,6952,153,13,68,0,0
2022-01-21 00:00:00+00:00,0,0,0,0,0,0,0,0,0,0,0,0,0,0,0,0,0,0,0,0,0,0,192,229,0,0,0,266,7276,5534,4,34,0,0
2022-01-22 00:00:00+00:00,0,0,0,0,0,0,0,0,0,0,0,0,0,0,0,0,0,0,0,0,0,0,10,179,0,0,0,119,4244,1606,95,166,0,0
2022-01-23 00:00:00+00:00,0,0,0,0,0,0,0,0,0,0,0,0,0,0,0,0,0,0,0,0,0,0,169,181,0,0,0,204,8104,944,48,168,0,0
2022-01-24 00:00:00+00:00,0,0,0,0,0,0,0,0,0,0,0,0,0,0,0,0,0,0,0,0,0,0,61,173,0,0,0,311,9921,449,1,56,0,0
2022-01-25 00:00:00+00:00,0,0,0,0,0,0,0,0,0,0,0,0,0,0,0,0,0,0,0,0,0,0,24,1069,0,0,0,577,9083,256,3,31,0,0
2022-01-26 00:00:00+00:00,0,0,0,0,0,0,0,0,0,0,0,0,0,0,0,0,0,0,0,0,0,0,61,326,0,0,0,107,6039,245,14,58,0,0
2022-01-27 00:00:00+00:00,0,0,0,0,0,0,0,0,0,0,0,0,0,0,0,0,0,0,0,0,0,0,64,660,0,0,0,360,10579,121,27,48,0,0
2022-01-28 00:00:00+00:00,0,0,0,0,0,0,0,0,0,0,0,0,0,0,0,0,0,0,0,0,0,0,440,685,0,0,0,297,10560,494,1,23,0,0
2022-01-29 00:00:00+00:00,0,0,0,0,0,0,0,0,0,0,0,0,0,0,0,0,0,0,0,0,0,0,426,401,0,0,0,912,8006,1620,8,75,0,0
2022-01-30 00:00:00+00:00,0,0,0,0,0,0,0,0,0,0,0,0,0,0,0,0,0,0,0,0,0,0,391,455,0,0,0,344,10148,504,13,93,0,0
2022-01-31 00:00:00+00:00,0,0,0,0,0,0,0,0,0,0,0,0,0,0,0,0,0,0,0,0,0,0,517,537,0,0,0,93,11879,238,29,30,0,0
2022-02-01 00:00:00+00:00,0,0,0,0,0,0,0,0,0,0,0,0,0,0,0,0,0,0,0,0,0,0,36,903,0,0,0,128,9089,180,0,43,0,0
2022-02-02 00:00:00+00:00,0,0,0,0,0,0,0,0,0,0,0,0,0,0,0,0,0,0,0,0,0,0,697,711,0,0,0,232,11454,146,5,15,0,92
2022-02-03 00:00:00+00:00,0,0,0,0,0,0,0,0,0,0,0,0,0,0,0,0,0,0,0,0,0,0,146,376,0,0,0,181,9001,214,34,15,0,0
2022-02-04 00:00:00+00:00,0,0,0,0,0,0,0,0,0,0,0,0,0,0,0,0,0,0,0,0,0,0,201,1391,0,0,0,235,6000,777,49,21,0,0
2022-02-05 00:00:00+00:00,0,0,0,0,0,0,0,0,0,0,0,0,0,0,0,0,0,0,0,0,0,0,545,253,0,0,0,675,4707,640,7,90,0,0
2022-02-06 00:00:00+00:00,0,0,0,0,0,0,0,0,0,0,0,0,0,0,0,0,0,0,0,0,0,0,597,315,0,0,0,238,6482,289,21,49,0,0
2022-02-07 00:00:00+00:00,0,0,0,0,0,0,0,0,0,0,0,0,0,0,0,0,0,0,0,0,0,0,305,650,0,0,0,168,6986,374,31,20,0,0
2022-02-08 00:00:00+00:00,0,0,0,0,0,0,0,0,0,0,0,0,0,0,0,0,0,0,0,0,0,0,107,365,0,0,0,657,7993,531,4,69,0,0
2022-02-09 00:00:00+00:00,0,0,0,0,0,0,0,0,0,0,0,0,0,0,0,0,0,0,0,0,0,0,312,222,0,0,0,289,11168,406,0,98,0,270
2022-02-10 00:00:00+00:00,0,0,0,0,0,0,0,0,0,0,0,0,0,0,0,0,0,0,0,0,0,0,64,457,0,0,0,164,7173,55,17,92,0,0
2022-02-11 00:00:00+00:00,0,0,0,0,0,0,0,0,0,0,0,0,0,0,0,0,0,0,0,0,0,0,23,277,0,0,0,713,7010,261,31,40,0,0
2022-02-12 00:00:00+00:00,0,0,0,0,0,0,0,0,0,0,0,0,0,0,0,0,0,0,0,0,0,0,843,319,0,0,0,1111,6131,91,28,94,0,0
2022-02-13 00:00:00+00:00,0,0,0,0,0,0,0,0,0,0,0,0,0,0,0,0,0,0,0,0,0,0,71,279,0,0,0,130,7177,728,18,84,0,0
2022-02-14 00:00:00+00:00,0,0,0,0,0,0,0,0,0,0,0,0,0,0,0,0,0,0,0,0,0,0,47,539,0,0,0,785,7089,575,15,41,0,0
2022-02-15 00:00:00+00:00,0,0,0,0,0,0,0,0,0,0,0,0,0,0,0,0,0,0,0,0,0,0,215,294,0,0,0,780,7427,328,30,63,0,0
2022-02-16 00:00:00+00:00,0,0,0,0,0,0,0,0,0,0,0,0,0,0,0,0,0,0,0,0,0,0,32,999,0,0,0,317,13073,1507,12,25,0,0
2022-02-17 00:00:00+00:00,0,0,0,0,0,0,0,0,0,0,0,0,0,0,0,0,0,0,0,0,0,0,47,967,0,0,0,337,10820,473,0,142,0,0
2022-02-18 00:00:00+00:00,0,0,0,0,0,0,0,0,0,0,0,0,0,0,0,0,0,0,0,0,0,0,27,270,0,0,0,327,9838,118,3,84,0,0
2022-02-19 00:00:00+00:00,0,0,0,0,0,0,0,0,0,0,0,0,0,0,0,0,0,0,0,0,0,0,17,274,0,0,0,187,7916,656,0,58,0,0
2022-02-20 00:00:00+00:00,0,0,0,0,0,0,0,0,0,0,0,0,0,0,0,0,0,0,0,0,0,0,193,150,0,0,0,650,7179,363,3,68,0,0
2022-02-21 00:00:00+00:00,0,0,0,0,0,0,0,0,0,0,0,0,0,0,0,0,0,0,0,0,0,0,71,492,0,0,0,237,8836,207,160,45,0,0
2022-02-22 00:00:00+00:00,0,0,0,0,0,0,0,0,0,0,0,0,0,0,0,0,0,0,0,0,0,0,22,106,0,0,0,485,7497,187,14,32,0,0
2022-02-23 00:00:00+00:00,0,0,0,0,0,0,0,0,0,0,0,0,0,0,0,0,0,0,282,0,0,0,9,158,0,0,0,477,10540,699,15,23,0,0
2022-02-24 00:00:00+00:00,0,0,0,0,0,0,0,0,0,0,0,0,0,0,0,0,0,0,876,0,0,0,18,348,0,0,0,164,14890,353,43,12,0,0
2022-02-25 00:00:00+00:00,0,0,0,0,0,0,0,0,0,0,0,0,0,0,0,0,0,0,2821,0,0,0,2,169,0,0,0,297,6948,51,12,2,0,0
2022-02-26 00:00:00+00:00,0,0,0,0,0,0,0,0,0,0,0,0,0,0,0,0,0,0,2396,0,0,0,1,207,0,0,0,303,9267,50,18,6,0,0
2022-02-27 00:00:00+00:00,0,0,0,0,0,0,0,0,0,0,0,0,0,0,0,0,0,0,2237,0,0,0,0,105,0,0,0,149,7037,90,10,39,0,0
2022-02-28 00:00:00+00:00,0,0,0,0,0,0,0,0,0,0,0,0,0,0,0,0,0,0,1776,0,0,0,20,164,0,0,0,164,5506,68,29,23,0,0
2022-03-01 00:00:00+00:00,0,0,0,0,0,0,0,0,0,0,0,0,0,0,0,0,0,0,1628,0,0,0,13,266,0,0,0,158,6939,158,0,56,0,0
2022-03-02 00:00:00+00:00,0,0,0,0,0,0,0,0,0,0,0,0,0,0,0,0,0,0,2158,0,0,0,0,130,0,0,0,82,5163,120,1,20,0,0
2022-03-03 00:00:00+00:00,0,0,0,0,0,0,0,0,0,0,0,0,0,0,0,0,0,0,3174,0,0,0,8,80,0,0,0,148,6756,112,15,10,0,0
2022-03-04 00:00:00+00:00,0,0,0,0,0,0,0,0,0,0,0,0,0,0,0,0,0,0,2513,0,0,0,0,65,0,0,0,137,10323,93,3,9,0,0
2022-03-05 00:00:00+00:00,0,0,0,0,0,0,0,0,0,0,0,0,0,0,0,0,0,0,1863,0,0,0,6,45,0,0,0,80,7287,366,29,41,0,0
2022-03-06 00:00:00+00:00,0,0,0,0,0,0,0,0,0,0,0,0,0,0,0,0,0,0,4422,0,0,0,12,277,0,0,0,103,8638,338,2,16,0,0
2022-03-07 00:00:00+00:00,0,0,0,0,0,0,0,0,0,0,0,0,0,0,0,0,0,0,3439,0,0,0,7,123,0,0,0,154,7028,587,17,72,0,0
2022-03-08 00:00:00+00:00,0,0,0,0,0,0,0,0,0,0,0,0,0,0,0,0,0,0,3973,0,0,0,3,131,0,0,0,194,6449,239,32,19,0,0
2022-03-09 00:00:00+00:00,0,0,0,0,0,0,0,0,0,0,0,0,0,0,0,0,0,0,4729,0,0,0,12,119,0,0,0,38,9684,369,111,18,0,0
2022-03-10 00:00:00+00:00,0,0,0,0,0,0,0,0,0,0,0,0,0,0,0,0,0,0,5335,0,0,0,12,51,0,0,0,83,12477,459,4,15,0,0
2022-03-11 00:00:00+00:00,0,0,0,0,0,0,0,0,0,0,0,0,0,0,0,0,0,0,3349,0,0,0,7,95,0,0,0,276,10259,181,17,49,0,0
2022-03-12 00:00:00+00:00,0,0,0,0,0,0,0,0,0,0,0,0,0,0,0,0,0,0,1867,0,0,0,17,186,0,0,0,170,7884,933,49,67,0,0
2022-03-13 00:00:00+00:00,0,0,0,0,0,0,0,0,0,0,0,0,0,0,0,0,0,0,1862,0,0,0,24,32,0,0,0,87,9651,114,31,47,0,0
2022-03-14 00:00:00+00:00,0,0,0,0,0,0,0,0,0,0,0,0,0,0,0,0,0,0,3283,0,0,0,12,70,0,0,0,325,9327,204,22,35,0,0
2022-03-15 00:00:00+00:00,0,0,0,0,0,0,0,0,0,0,0,0,0,0,0,0,0,0,2268,0,0,0,0,143,0,0,0,436,12732,283,22,4,0,0
2022-03-16 00:00:00+00:00,0,0,0,0,0,0,0,0,0,0,0,0,0,0,0,0,0,0,2263,0,0,0,7,56,0,0,0,363,10869,77,17,84,0,0
2022-03-17 00:00:00+00:00,0,0,0,0,0,0,0,0,0,0,0,0,0,0,0,0,0,0,5754,0,0,0,54,190,0,0,0,101,11254,400,14,41,0,0
2022-03-18 00:00:00+00:00,0,0,0,0,0,0,0,0,0,0,0,0,0,0,0,0,0,0,2627,0,0,0,120,520,0,0,0,453,11953,259,20,18,0,0
2022-03-19 00:00:00+00:00,0,0,0,0,0,0,0,0,0,0,0,0,0,0,0,0,0,0,3004,0,0,0,16,111,0,0,0,160,10745,33,3,89,0,0
2022-03-20 00:00:00+00:00,0,0,0,0,0,0,0,0,0,0,0,0,0,0,0,0,0,0,2760,0,0,0,0,0,0,0,0,56,11337,97,21,72,0,0
2022-03-21 00:00:00+00:00,0,0,0,0,0,0,0,0,0,0,0,0,0,0,0,0,0,0,2969,0,0,0,0,0,0,0,0,123,10106,166,30,25,0,0
2022-03-22 00:00:00+00:00,0,0,0,0,0,0,0,0,0,0,0,0,0,0,0,0,0,0,2811,0,0,0,0,0,0,0,0,876,8547,187,32,47,0,0
2022-03-23 00:00:00+00:00,0,0,0,0,0,0,0,0,0,0,0,0,0,0,0,0,0,0,1889,0,0,0,0,0,0,0,0,366,9567,365,32,19,0,0
2022-03-24 00:00:00+00:00,0,0,0,0,0,0,0,0,0,0,0,0,0,0,0,0,0,0,2173,0,0,0,0,0,0,0,0,950,8460,219,231,41,0,0
2022-03-25 00:00:00+00:00,0,0,0,0,0,0,0,0,0,0,0,0,0,0,0,0,0,0,1341,0,0,0,0,0,0,0,0,101,4780,277,13,45,0,0
2022-03-26 00:00:00+00:00,0,0,0,0,0,0,0,0,0,0,0,0,0,0,0,0,0,0,1906,0,0,0,0,0,0,0,0,270,5466,110,32,33,0,0
2022-03-27 00:00:00+00:00,0,0,0,0,0,0,0,0,0,0,0,0,0,0,0,0,0,0,1275,0,0,0,0,0,0,0,0,215,4886,175,6,73,0,0
2022-03-28 00:00:00+00:00,0,0,0,0,0,0,0,0,0,0,0,0,0,0,0,0,0,0,2790,0,0,0,0,0,0,0,0,456,7685,211,12,37,0,0
2022-03-29 00:00:00+00:00,0,0,0,0,0,0,0,0,0,0,0,0,0,0,0,0,0,0,2297,0,0,0,0,0,0,0,0,291,7043,722,12,53,0,0
2022-03-30 00:00:00+00:00,0,0,0,0,0,0,0,0,0,0,0,0,0,0,0,0,0,0,1299,0,0,0,0,0,0,0,0,158,5578,303,0,9,0,0
2022-03-31 00:00:00+00:00,0,0,0,0,0,0,0,0,0,0,0,0,0,0,0,0,0,0,1319,0,0,0,0,0,0,0,0,351,11786,425,32,38,0,162
2022-04-01 00:00:00+00:00,0,0,0,0,0,0,0,0,0,0,0,0,0,0,0,0,0,0,543,0,0,0,0,0,0,0,0,122,49283,235,0,41,0,0
2022-04-02 00:00:00+00:00,0,0,0,0,0,0,0,0,0,0,0,0,0,0,0,0,0,0,2333,0,0,0,0,0,0,0,0,334,7792,142,2,80,0,0
2022-04-03 00:00:00+00:00,0,0,0,0,0,0,0,0,0,0,0,0,0,0,0,0,0,0,1027,0,0,0,0,0,0,0,0,444,6021,173,11,88,0,0
2022-04-04 00:00:00+00:00,0,0,0,0,0,0,0,0,0,0,0,0,0,0,0,0,0,0,2047,0,0,0,0,0,0,0,0,652,9171,630,20,69,0,0
2022-04-05 00:00:00+00:00,0,0,0,0,0,0,0,0,0,0,0,0,0,0,0,0,0,0,939,0,0,0,0,0,0,0,0,166,10886,100,6,61,0,0
2022-04-06 00:00:00+00:00,0,0,0,0,0,0,0,0,0,0,0,0,0,0,0,0,0,0,909,0,0,0,0,0,0,0,0,304,10012,256,20,65,0,0
2022-04-07 00:00:00+00:00,0,0,0,0,0,0,0,0,0,0,0,0,0,0,0,0,0,0,2258,0,0,0,0,0,0,4101,0,363,13199,691,12,56,0,0
2022-04-08 00:00:00+00:00,0,0,0,0,0,0,0,0,0,0,0,0,0,0,0,0,0,0,3398,0,0,0,0,0,0,0,0,263,11267,1056,16,45,0,199
2022-04-09 00:00:00+00:00,0,0,0,0,0,0,0,0,0,0,0,0,0,0,0,0,0,0,984,0,0,0,0,0,0,0,0,127,8953,188,14,30,0,0
2022-04-10 00:00:00+00:00,0,0,0,0,0,0,0,0,0,0,0,0,0,0,0,0,0,0,917,0,0,0,0,0,0,0,0,403,6331,318,5,43,0,0
2022-04-11 00:00:00+00:00,0,0,0,0,0,0,0,0,0,0,0,0,0,0,0,0,0,0,2438,0,0,0,0,0,0,0,0,122,9970,34,52,33,0,0
2022-04-12 00:00:00+00:00,0,0,0,0,0,0,0,0,0,0,0,0,0,0,0,0,0,0,2583,0,0,0,0,0,0,0,0,89,11578,351,138,55,0,0
2022-04-13 00:00:00+00:00,0,0,0,0,0,0,0,0,0,0,0,0,0,0,0,0,0,0,2227,0,0,0,0,0,0,0,0,1079,12738,96,58,36,0,0
2022-04-14 00:00:00+00:00,0,0,0,0,0,0,0,0,0,0,0,0,0,0,0,0,0,0,0,0,0,0,0,0,0,0,0,752,13206,28,19,69,0,358
2022-04-15 00:00:00+00:00,0,0,0,0,0,0,0,0,0,0,0,0,0,0,0,0,0,0,0,0,0,0,0,0,0,0,556,195,12305,315,22,99,0,0
2022-04-16 00:00:00+00:00,0,0,0,0,0,0,0,0,0,0,0,0,0,0,0,0,0,0,0,0,0,0,0,0,0,0,0,171,13404,119,7,26,0,0
2022-04-17 00:00:00+00:00,0,0,0,0,0,0,0,0,0,0,0,0,0,0,0,0,0,0,0,0,0,0,0,0,0,0,0,204,12490,1295,11,146,0,0
2022-04-18 00:00:00+00:00,0,0,0,0,0,0,0,0,0,0,0,0,0,0,0,0,0,0,0,0,0,0,0,0,0,0,0,1164,15895,666,126,101,0,0
2022-04-19 00:00:00+00:00,0,0,0,0,0,0,0,0,0,0,0,0,0,0,0,0,0,0,0,0,0,0,0,0,0,0,0,204,15112,547,35,182,0,0
2022-04-20 00:00:00+00:00,0,0,0,0,0,0,0,0,0,0,0,0,0,0,0,0,0,0,0,0,0,0,0,0,0,0,389,1535,15532,926,49,218,0,364
2022-04-21 00:00:00+00:00,0,0,0,0,0,0,0,0,0,0,0,0,0,0,0,0,0,0,0,0,0,0,0,0,0,0,382,1873,13027,163,5,53,0,265
2022-04-22 00:00:00+00:00,0,0,0,0,0,0,0,0,0,0,0,0,0,0,0,0,0,0,0,0,0,0,0,0,0,0,355,486,16417,721,64,72,0,480
2022-04-23 00:00:00+00:00,0,0,0,0,0,0,0,0,0,0,0,0,0,0,0,0,0,0,0,0,0,0,0,0,0,0,0,302,10803,1162,0,66,0,124
2022-04-24 00:00:00+00:00,0,0,0,0,0,0,0,0,0,0,0,0,0,0,0,0,0,0,0,0,0,0,0,0,0,0,319,466,8948,678,0,136,0,412
2022-04-25 00:00:00+00:00,0,0,0,0,0,0,0,0,0,0,0,0,0,0,0,0,0,0,0,0,0,0,0,0,0,0,326,539,13184,889,4,102,0,397
2022-04-26 00:00:00+00:00,0,0,0,0,0,0,0,0,0,0,0,0,0,0,0,0,0,0,0,0,0,0,0,0,0,0,233,243,15025,783,0,111,0,451
2022-04-27 00:00:00+00:00,0,0,0,0,0,0,0,0,0,5954,0,0,0,0,0,0,0,0,0,0,0,0,0,0,0,0,250,83,13872,321,0,82,0,245
2022-04-28 00:00:00+00:00,0,0,0,0,0,0,0,0,0,7714,0,0,0,0,0,0,0,0,0,0,0,0,0,0,0,0,226,967,10997,301,0,110,0,275
2022-04-29 00:00:00+00:00,0,0,0,0,0,0,0,0,0,10626,0,0,0,0,0,0,0,0,0,0,0,0,0,0,0,0,359,307,11716,116,0,90,0,209
2022-04-30 00:00:00+00:00,0,0,0,0,0,0,0,0,0,703,0,0,0,0,0,0,0,0,0,0,0,0,0,0,0,0,0,166,11787,372,6,12,0,0
2022-05-01 00:00:00+00:00,0,0,0,0,0,0,0,0,0,623,0,0,0,0,0,0,0,0,0,0,0,0,0,0,0,514,0,1764,13261,282,27,111,0,128
2022-05-02 00:00:00+00:00,0,0,0,0,0,0,0,0,0,0,0,0,0,0,0,0,0,0,0,0,0,0,0,0,0,0,0,354,16363,691,17,108,0,0
2022-05-03 00:00:00+00:00,0,0,0,0,0,0,0,0,0,0,0,0,0,0,0,0,0,0,0,0,0,0,0,0,0,330,0,303,16198,411,24,137,0,0
2022-05-04 00:00:00+00:00,0,0,0,0,0,0,0,0,0,0,0,0,0,0,0,0,0,0,0,0,0,0,0,0,0,0,0,836,20339,824,31,238,0,0
2022-05-05 00:00:00+00:00,0,0,0,0,0,0,0,0,0,0,0,0,0,0,0,0,0,0,0,0,0,0,0,0,0,0,0,75,15549,372,25,90,0,0
2022-05-06 00:00:00+00:00,0,0,0,0,0,0,0,0,0,0,0,0,0,0,0,0,0,0,0,0,0,0,0,0,0,0,0,291,13841,88,37,99,0,0
2022-05-07 00:00:00+00:00,0,0,0,0,0,0,0,0,0,0,0,0,0,0,0,0,0,0,0,0,0,0,0,0,0,0,0,119,10640,214,89,155,0,0
2022-05-08 00:00:00+00:00,0,0,0,0,0,0,0,0,0,0,0,0,0,0,0,0,0,0,0,0,0,0,0,0,0,0,0,666,11819,171,12,78,0,0
2022-05-09 00:00:00+00:00,0,0,0,0,0,0,0,0,0,0,0,0,0,0,0,0,0,0,0,0,0,0,0,0,0,0,0,722,12482,278,6,146,0,0
2022-05-10 00:00:00+00:00,0,0,0,0,0,0,0,0,0,0,0,0,0,0,0,0,0,0,0,0,0,0,0,0,0,0,322,331,19057,182,0,7,0,315
2022-05-11 00:00:00+00:00,0,0,0,0,0,0,0,0,0,0,0,0,0,0,0,0,0,0,0,0,0,0,0,0,0,0,205,166,18729,447,0,66,0,210
2022-05-12 00:00:00+00:00,0,0,0,0,0,0,0,0,0,0,0,0,0,0,6128,0,0,0,0,0,0,0,0,0,0,0,307,278,22159,150,27,108,0,358
2022-05-13 00:00:00+00:00,0,0,0,0,0,0,0,0,0,0,0,0,0,0,7023,0,0,0,0,0,0,0,0,0,0,0,269,131,19630,172,51,150,0,508
2022-05-14 00:00:00+00:00,0,0,0,0,0,0,0,0,0,0,0,0,0,0,1633,0,0,0,0,0,0,0,0,0,0,0,0,264,11107,176,0,87,0,526
2022-05-15 00:00:00+00:00,0,0,0,0,0,0,0,0,0,0,0,0,0,0,700,0,0,0,0,0,0,0,0,0,0,0,0,388,6921,91,3,128,0,238
2022-05-16 00:00:00+00:00,0,0,0,0,0,0,0,0,0,0,0,0,0,0,5669,0,0,0,0,0,0,0,0,0,0,0,277,738,13389,719,13,192,0,1177
2022-05-17 00:00:00+00:00,0,0,0,0,0,0,0,0,0,0,0,0,0,0,5788,0,0,0,0,0,0,0,0,0,0,0,220,129,17731,392,13,96,0,0
2022-05-18 00:00:00+00:00,0,0,0,0,0,0,0,0,0,0,0,0,0,0,9836,0,0,0,0,0,0,0,0,0,0,0,206,151,12371,276,4,132,0,217
2022-05-19 00:00:00+00:00,0,0,0,0,0,0,0,0,0,0,0,0,0,0,9035,0,0,0,0,0,0,0,0,0,0,0,747,180,18394,194,35,240,0,59
2022-05-20 00:00:00+00:00,0,0,0,0,0,0,0,0,0,0,0,0,0,0,1457,0,0,0,0,0,0,0,0,0,0,0,0,376,15224,415,14,205,0,0
2022-05-21 00:00:00+00:00,0,0,0,0,0,0,0,0,0,0,0,0,0,0,0,0,0,0,0,0,0,0,0,0,0,0,0,324,13612,344,48,127,0,0
2022-05-22 00:00:00+00:00,0,0,0,0,0,0,0,0,0,0,0,0,0,0,0,0,0,0,0,0,0,0,0,0,0,0,0,463,11103,121,73,143,0,0
2022-05-23 00:00:00+00:00,0,0,0,0,0,0,0,0,0,0,0,0,0,0,0,0,0,0,0,0,0,0,0,0,0,0,0,334,11387,824,39,222,0,0
2022-05-24 00:00:00+00:00,0,0,0,0,0,0,0,0,0,0,0,0,0,0,0,0,0,0,0,0,0,0,0,0,0,0,0,208,12155,232,26,185,0,583
2022-05-25 00:00:00+00:00,0,0,0,0,0,0,0,0,0,0,0,0,0,0,0,0,0,0,0,0,0,0,0,0,0,0,0,949,15873,116,29,140,0,184
2022-05-26 00:00:00+00:00,0,0,0,0,0,0,0,0,0,0,0,0,0,0,0,0,0,0,0,0,0,0,0,0,0,0,0,406,16965,428,32,75,0,158
2022-05-27 00:00:00+00:00,0,0,0,0,0,0,0,0,0,0,0,0,0,0,0,0,0,0,0,0,0,0,0,0,0,0,0,376,13357,292,30,271,0,182
2022-05-28 00:00:00+00:00,0,0,0,0,0,0,0,0,0,0,0,0,0,0,0,0,0,0,0,0,0,0,0,0,0,0,0,148,7497,259,37,103,0,0
2022-05-29 00:00:00+00:00,0,0,0,0,0,0,0,0,0,0,0,0,0,0,0,0,0,0,0,0,0,0,0,0,0,0,0,99,9139,217,6,204,0,0
2022-05-30 00:00:00+00:00,0,0,0,0,0,0,0,0,0,0,0,0,0,0,0,0,0,0,0,0,0,0,0,0,0,0,0,868,10822,28,17,96,0,0
2022-05-31 00:00:00+00:00,0,0,0,0,0,0,0,0,0,0,0,0,0,0,0,0,0,0,0,0,0,0,0,0,0,0,0,373,8602,237,4,61,0,0
2022-06-01 00:00:00+00:00,0,0,0,0,0,0,0,0,0,0,0,0,0,0,0,0,0,0,0,0,0,0,0,0,0,0,0,225,10388,172,4,181,0,62
2022-06-02 00:00:00+00:00,0,0,0,0,0,0,0,0,0,0,0,0,0,0,0,0,0,0,0,0,0,0,0,0,0,0,238,343,16165,141,8,157,0,543
2022-06-03 00:00:00+00:00,0,0,0,0,0,0,0,0,0,0,0,0,0,0,0,0,0,0,0,0,0,0,0,0,0,0,0,310,8005,99,3,123,0,325
2022-06-04 00:00:00+00:00,0,0,0,0,0,0,0,0,0,0,0,0,0,0,0,0,0,0,0,0,0,0,0,0,0,0,0,569,5987,50,12,50,0,0
2022-06-05 00:00:00+00:00,0,0,0,0,0,0,0,0,0,0,0,0,0,0,0,0,0,0,0,0,0,0,0,0,0,0,0,250,4817,148,33,59,0,0
2022-06-06 00:00:00+00:00,0,0,0,0,0,0,0,0,0,0,0,0,0,0,6363,0,0,0,0,0,0,0,0,0,0,0,248,121,17350,956,34,259,0,1024
2022-06-07 00:00:00+00:00,0,0,0,0,0,0,0,0,0,0,0,0,0,0,6428,0,0,0,0,0,0,0,0,0,0,0,258,56,12965,79,8,119,0,328
2022-06-08 00:00:00+00:00,0,0,0,0,0,0,0,0,0,0,0,0,0,0,7194,0,0,0,0,0,0,0,0,0,0,0,181,417,9607,103,8,177,0,401
2022-06-09 00:00:00+00:00,0,0,0,0,0,0,0,0,0,0,0,0,0,0,7342,0,0,0,0,0,0,0,0,0,0,0,125,302,17672,368,0,73,0,202
2022-06-10 00:00:00+00:00,0,0,0,0,0,0,0,0,0,0,0,0,0,0,7512,0,0,0,0,0,0,0,0,0,0,0,180,141,13028,499,23,171,0,326
2022-06-11 00:00:00+00:00,0,0,0,0,0,0,0,0,0,0,0,0,0,0,1019,0,0,0,0,0,0,0,0,0,0,0,0,274,9035,107,6,52,0,0
2022-06-12 00:00:00+00:00,0,0,0,0,0,0,0,0,0,0,0,0,0,0,872,0,0,0,0,0,0,0,0,0,0,0,0,544,21882,166,12,142,0,0
2022-06-13 00:00:00+00:00,0,0,0,0,0,0,0,0,0,0,0,0,0,0,8944,0,0,0,0,0,0,0,0,0,0,0,180,170,15639,252,4,64,0,154
2022-06-14 00:00:00+00:00,0,0,0,0,0,0,0,0,0,0,0,0,0,0,7693,0,0,0,0,0,0,0,0,0,0,0,139,140,12555,181,10,127,0,911
2022-06-15 00:00:00+00:00,0,0,0,0,0,0,0,0,0,0,0,0,0,0,9602,0,0,0,0,0,0,0,0,0,0,0,171,393,13788,155,17,106,0,269
2022-06-16 00:00:00+00:00,0,0,0,0,0,0,0,0,0,0,0,0,0,0,550,0,0,0,0,0,0,0,0,0,0,0,0,317,7478,81,43,125,0,1
2022-06-17 00:00:00+00:00,0,0,0,0,0,0,0,0,0,0,0,0,0,0,381,0,0,0,0,0,0,0,0,0,0,0,0,273,7024,64,0,61,0,79
2022-06-18 00:00:00+00:00,0,0,0,0,0,0,0,0,0,0,0,0,0,0,538,0,0,0,0,0,0,0,0,0,0,0,0,44,4526,97,7,72,0,371
2022-06-19 00:00:00+00:00,0,0,0,0,0,0,0,0,0,0,0,0,0,0,732,0,0,0,0,0,0,0,0,0,0,0,0,227,6181,45,8,48,0,133
2022-06-20 00:00:00+00:00,0,0,0,0,0,0,0,0,0,0,0,0,0,0,6026,0,0,0,0,0,0,0,0,0,0,0,185,105,11240,287,3,38,0,99
2022-06-21 00:00:00+00:00,0,0,0,0,0,0,0,0,0,0,0,0,0,0,9844,0,0,0,0,0,0,0,0,0,0,0,220,513,11559,221,29,123,0,124
2022-06-22 00:00:00+00:00,0,0,0,0,0,0,0,0,0,0,0,0,0,0,11628,0,0,0,0,0,0,0,0,0,0,0,0,191,15198,150,4,156,0,186
2022-06-23 00:00:00+00:00,0,0,0,0,0,0,0,0,0,0,0,0,0,0,19888,0,0,0,0,0,0,0,0,0,0,0,503,113,24157,139,0,154,0,1049
2022-06-24 00:00:00+00:00,0,0,0,0,0,0,0,0,0,0,0,0,0,0,3257,0,917,0,0,0,0,0,0,0,0,0,0,294,8459,329,15,34,0,149
2022-06-25 00:00:00+00:00,0,0,0,0,0,0,0,0,0,0,0,0,0,0,0,0,1247,0,0,0,0,0,0,0,0,0,0,236,6987,169,1,109,0,0
2022-06-26 00:00:00+00:00,0,0,0,0,0,0,0,0,0,0,0,0,0,0,0,0,2000,0,0,0,0,0,0,0,0,0,0,126,3926,79,24,23,0,0
2022-06-27 00:00:00+00:00,0,0,0,0,0,0,0,0,0,0,0,0,0,0,0,0,2178,0,0,0,0,0,0,0,0,0,0,155,9643,53,16,96,0,0
2022-06-28 00:00:00+00:00,0,0,0,0,0,0,0,0,0,0,0,0,0,0,0,0,1171,0,0,0,0,0,0,0,0,0,0,189,7045,185,48,25,0,0
2022-06-29 00:00:00+00:00,0,0,0,0,0,0,0,0,0,0,0,0,0,0,0,0,1338,0,0,0,0,0,0,0,0,0,0,176,8053,229,84,44,0,0
2022-06-30 00:00:00+00:00,0,0,0,0,0,0,0,0,0,0,0,0,0,0,0,0,400,0,0,0,0,0,0,0,0,0,0,189,7607,236,35,85,0,0
2022-07-01 00:00:00+00:00,0,0,0,0,0,0,0,0,0,0,0,0,0,0,0,0,528,0,0,0,0,0,0,0,0,0,0,46,6894,104,44,75,0,0
2022-07-02 00:00:00+00:00,0,0,0,0,0,0,0,0,0,0,0,0,0,0,0,0,844,0,0,0,0,0,0,0,0,0,0,144,5060,47,36,43,0,0
2022-07-03 00:00:00+00:00,0,0,0,0,0,0,0,0,0,0,0,0,0,0,0,0,835,0,0,0,0,0,0,0,0,0,0,61,3998,192,2,139,0,268
2022-07-04 00:00:00+00:00,0,0,0,0,0,0,0,0,0,0,0,0,0,0,0,0,366,0,0,0,0,0,0,0,0,0,0,296,8162,82,2,25,0,0
2022-07-05 00:00:00+00:00,0,0,0,0,0,0,0,0,0,0,0,0,0,0,0,0,418,0,0,0,0,0,0,0,0,0,0,82,10054,370,6,32,0,0
2022-07-06 00:00:00+00:00,0,0,0,0,0,0,0,0,0,0,0,0,0,0,0,0,417,0,0,0,0,0,0,0,0,0,0,109,8043,250,23,20,0,0
2022-07-07 00:00:00+00:00,0,0,0,0,0,0,0,0,0,0,0,0,0,0,0,0,175,0,0,0,0,0,0,0,0,0,0,147,10990,184,29,50,0,0
2022-07-08 00:00:00+00:00,0,0,0,0,0,0,0,0,0,0,0,0,0,0,0,0,215,0,0,0,0,0,0,0,0,0,0,177,9538,30,31,0,0,0
2022-07-09 00:00:00+00:00,0,0,0,0,0,0,0,0,0,0,0,0,0,0,0,0,330,0,0,0,0,0,0,0,0,0,0,216,5543,118,17,49,0,0
2022-07-10 00:00:00+00:00,0,0,0,0,0,0,0,0,0,0,0,0,0,0,0,0,104,0,0,0,0,0,0,0,0,0,0,446,6144,148,11,7,0,0
2022-07-11 00:00:00+00:00,0,0,0,0,0,0,0,0,0,0,0,0,0,0,0,0,36,0,0,0,0,0,0,0,0,0,0,338,11591,88,20,71,0,0
2022-07-12 00:00:00+00:00,0,0,0,0,0,0,0,0,0,0,0,0,0,0,0,0,311,0,0,0,0,0,0,0,0,0,0,253,10929,218,15,67,0,0
2022-07-13 00:00:00+00:00,0,0,0,0,0,0,0,0,0,0,0,0,0,0,0,0,301,0,0,0,0,0,0,0,0,0,0,488,10459,186,5,82,0,0
2022-07-14 00:00:00+00:00,0,0,0,0,0,0,0,0,0,0,0,0,0,0,0,0,186,0,0,0,0,0,0,0,0,0,0,190,12028,55,5,41,0,0
2022-07-15 00:00:00+00:00,0,0,0,0,0,0,0,0,0,0,0,0,0,0,0,0,155,0,0,0,0,0,0,0,0,0,0,266,11952,145,11,45,0,0
2022-07-16 00:00:00+00:00,0,0,0,0,0,0,0,0,0,0,0,0,0,0,0,0,75,0,0,0,0,0,0,0,0,0,0,154,6789,432,31,63,0,0
2022-07-17 00:00:00+00:00,0,0,0,0,0,0,0,0,0,0,0,0,0,0,0,0,99,0,0,0,0,0,0,0,0,0,0,180,7780,248,236,103,0,0
2022-07-18 00:00:00+00:00,0,0,0,0,0,0,0,0,0,0,0,0,0,0,0,0,50,0,0,0,0,0,0,0,0,0,0,657,9937,264,731,120,0,320
2022-07-19 00:00:00+00:00,0,0,0,0,0,0,0,0,0,0,0,0,0,0,0,0,170,0,0,0,0,0,0,0,0,0,0,213,10810,309,42,66,0,0
2022-07-20 00:00:00+00:00,0,0,0,0,0,0,0,0,0,0,0,0,0,0,0,0,177,0,0,0,0,0,0,0,0,0,0,335,12011,176,4,83,0,0
2022-07-21 00:00:00+00:00,0,0,0,0,0,0,0,0,0,0,0,0,0,0,0,0,21,0,0,0,0,0,0,0,0,0,0,205,8997,375,12,86,0,0
2022-07-22 00:00:00+00:00,0,0,0,0,0,0,0,0,0,0,0,0,0,0,0,0,98,0,0,0,0,0,0,0,0,0,0,148,7556,138,10,75,0,0
2022-07-23 00:00:00+00:00,0,0,0,0,0,0,0,0,0,0,0,0,0,0,0,0,197,0,0,0,0,0,0,0,0,0,0,122,10320,176,26,16,0,0
2022-07-24 00:00:00+00:00,0,0,0,0,0,0,0,0,0,0,0,0,0,0,0,0,83,0,0,0,0,0,0,0,0,0,0,191,8665,245,3,76,0,0
2022-07-25 00:00:00+00:00,0,0,0,0,0,0,0,0,0,0,0,0,0,0,0,0,226,0,0,0,0,0,0,0,0,0,0,243,9315,115,5,24,0,0
2022-07-26 00:00:00+00:00,0,0,0,0,0,0,0,0,0,0,0,0,0,0,0,0,58,0,0,0,0,0,0,0,0,0,0,393,6792,324,12,32,0,0
2022-07-27 00:00:00+00:00,0,0,0,0,0,0,0,0,0,0,0,0,0,0,0,0,16,0,0,0,0,0,0,0,0,0,0,307,8394,184,34,106,0,0
2022-07-28 00:00:00+00:00,0,0,0,0,0,0,0,0,0,0,0,0,0,0,0,0,0,0,0,0,0,0,0,0,0,0,0,240,7176,162,73,109,0,0
2022-07-29 00:00:00+00:00,0,0,0,0,0,0,0,0,0,0,0,0,0,0,0,0,0,0,0,0,0,0,0,0,0,0,0,328,10498,609,22,29,0,0
2022-07-30 00:00:00+00:00,0,0,0,0,0,0,0,0,0,0,0,0,0,0,0,0,0,0,0,0,0,0,0,0,0,0,0,243,4770,225,0,48,0,0
2022-07-31 00:00:00+00:00,0,0,0,0,0,0,0,0,0,0,0,0,0,0,0,0,0,0,0,0,0,0,0,0,0,0,541,151,10679,120,0,58,0,177
2022-08-01 00:00:00+00:00,0,0,0,0,0,0,0,0,0,0,0,0,0,0,0,0,0,0,0,0,0,0,0,0,0,0,233,184,10345,401,7,24,0,0
2022-08-02 00:00:00+00:00,0,0,0,0,0,0,0,0,0,0,0,0,0,0,1845,0,0,0,0,0,0,0,0,0,0,0,415,157,11768,539,14,7,0,341
2022-08-03 00:00:00+00:00,0,0,0,0,0,0,0,0,0,0,0,0,0,0,12066,0,0,0,0,0,0,0,0,0,0,0,285,195,13676,763,23,180,0,1144
2022-08-04 00:00:00+00:00,0,0,0,0,0,0,0,0,0,0,0,0,0,0,16486,0,0,0,0,0,0,0,0,0,0,0,185,117,12033,654,4,162,0,303
2022-08-05 00:00:00+00:00,0,0,0,0,0,0,0,0,0,0,0,0,0,0,12202,0,0,0,0,0,0,0,0,0,0,0,200,121,14206,783,11,108,0,469
2022-08-06 00:00:00+00:00,0,0,0,0,0,0,0,0,0,0,0,0,0,0,639,0,0,0,0,0,0,0,0,0,0,0,0,127,4172,280,10,35,0,0
2022-08-07 00:00:00+00:00,0,0,0,0,0,0,0,0,0,0,0,0,0,0,494,0,0,0,0,0,0,0,0,0,0,0,0,258,7918,119,6,30,0,231
2022-08-08 00:00:00+00:00,0,0,0,0,0,0,0,0,0,0,0,0,0,0,367,0,0,0,0,0,0,0,0,0,0,0,0,248,11511,139,1,142,0,606
2022-08-09 00:00:00+00:00,0,0,0,0,0,0,0,0,0,0,0,0,0,0,10734,0,0,0,0,0,0,0,0,0,0,0,272,369,14997,360,16,39,0,165
2022-08-10 00:00:00+00:00,0,0,0,0,0,0,0,0,0,0,0,0,0,0,16938,0,0,0,0,0,0,0,0,0,0,0,218,131,15861,620,29,196,0,0
2022-08-11 00:00:00+00:00,0,0,0,0,0,0,0,0,0,0,0,0,0,0,15005,0,0,0,0,0,0,0,0,0,0,0,290,172,18291,461,27,63,0,473
2022-08-12 00:00:00+00:00,0,0,0,0,0,0,0,0,0,0,0,0,0,0,1392,0,0,0,0,0,0,0,0,0,0,0,0,294,9950,216,44,84,0,258
2022-08-13 00:00:00+00:00,0,0,0,0,0,0,0,0,0,0,0,0,0,0,1752,0,0,0,0,0,0,0,0,0,0,0,0,312,6818,168,38,118,0,0
2022-08-14 00:00:00+00:00,0,0,0,0,0,0,0,0,0,0,0,0,0,0,0,0,0,0,0,0,0,0,0,0,0,0,0,581,8344,491,0,121,0,0
2022-08-15 00:00:00+00:00,0,0,0,0,0,0,0,0,0,0,0,0,0,0,0,0,0,0,0,0,0,0,1058,0,0,0,0,188,7682,335,22,39,0,513
2022-08-16 00:00:00+00:00,0,0,0,0,0,0,0,0,0,0,0,0,0,0,0,0,0,0,0,0,0,0,504,0,0,0,0,631,8285,393,9,44,0,0
2022-08-17 00:00:00+00:00,0,0,0,0,0,0,0,0,0,0,0,0,0,0,0,0,0,0,0,0,0,0,367,0,0,0,0,146,12186,150,5,67,0,0
2022-08-18 00:00:00+00:00,0,0,0,0,0,0,0,0,0,0,0,0,0,0,0,0,0,0,0,0,0,0,151,0,0,0,0,254,8611,129,33,88,0,0
2022-08-19 00:00:00+00:00,0,0,0,0,0,0,0,0,0,0,0,0,0,0,0,0,0,0,0,0,0,0,515,0,0,0,0,141,9605,224,28,221,0,545
2022-08-20 00:00:00+00:00,0,0,0,0,0,0,0,0,0,0,0,0,0,0,0,0,0,0,0,0,0,0,294,0,0,0,0,215,8301,36,33,80,0,0
2022-08-21 00:00:00+00:00,0,0,0,0,0,0,0,0,0,0,0,0,0,0,0,0,0,0,0,0,0,0,193,0,0,0,0,387,7156,179,53,130,0,0
2022-08-22 00:00:00+00:00,0,0,0,0,0,0,0,0,0,0,0,0,0,0,0,0,0,0,0,0,0,0,130,0,0,0,0,526,11781,465,9,39,0,0
2022-08-23 00:00:00+00:00,0,0,0,0,0,0,0,0,0,0,0,0,0,0,0,0,0,0,0,0,0,0,46,0,0,0,0,625,13737,49,7,44,0,0
2022-08-24 00:00:00+00:00,0,0,0,0,0,0,0,0,0,0,0,0,0,0,0,0,0,0,0,0,0,0,267,0,0,0,0,251,13047,102,50,40,0,0
2022-08-25 00:00:00+00:00,0,0,0,0,0,0,0,0,0,0,0,0,0,0,0,0,0,0,0,0,0,0,82,0,0,0,0,203,13232,681,59,56,0,0
2022-08-26 00:00:00+00:00,0,0,0,0,0,0,0,0,0,0,0,0,0,0,0,0,0,0,0,0,0,0,94,0,0,0,0,126,11251,609,2,81,0,0
2022-08-27 00:00:00+00:00,0,0,0,0,0,0,0,0,0,0,0,0,0,0,0,0,0,0,0,0,0,0,31,0,0,0,0,237,9265,158,12,39,0,0
2022-08-28 00:00:00+00:00,0,0,0,0,0,0,0,0,0,0,0,0,0,0,0,0,0,0,0,0,0,0,6,0,0,0,0,367,9427,442,30,98,0,0
2022-08-29 00:00:00+00:00,0,0,0,0,0,0,0,0,0,0,0,0,0,0,0,0,0,0,0,0,0,0,178,0,0,0,0,82,8761,74,21,90,0,0
2022-08-30 00:00:00+00:00,0,0,0,0,0,0,0,0,0,0,0,0,0,0,0,0,0,0,0,0,0,0,5,0,0,0,0,126,10430,208,34,41,0,0
2022-08-31 00:00:00+00:00,0,0,0,0,0,0,0,0,0,0,0,0,0,0,0,0,0,0,0,0,0,0,140,0,0,0,0,207,9718,451,63,23,0,0
2022-09-01 00:00:00+00:00,0,0,0,0,0,0,0,0,0,0,0,0,0,0,0,0,0,0,0,0,0,0,70,0,0,0,0,373,10031,352,8,13,0,0
2022-09-02 00:00:00+00:00,0,0,0,0,0,0,0,0,0,0,0,0,0,0,0,0,0,0,0,0,0,0,9,0,0,0,0,594,8197,1383,0,54,0,0
2022-09-03 00:00:00+00:00,0,0,0,0,0,0,0,0,0,0,0,0,0,0,0,0,0,0,0,0,0,0,10,0,0,0,0,144,5461,171,14,41,0,0
2022-09-04 00:00:00+00:00,0,0,0,0,0,0,0,0,0,0,0,0,0,0,0,0,0,0,0,0,0,0,16,0,0,0,0,234,7447,108,0,21,0,0
2022-09-05 00:00:00+00:00,0,0,0,0,0,0,0,0,0,0,0,0,0,0,0,0,0,0,0,0,0,0,278,0,0,0,0,247,9092,130,4,86,0,0
2022-09-06 00:00:00+00:00,0,0,0,0,0,0,0,0,0,0,0,0,0,0,0,0,0,0,0,0,0,0,28,0,0,0,0,333,7651,35,25,23,0,0
2022-09-07 00:00:00+00:00,0,0,0,0,0,0,0,0,0,0,0,0,0,0,0,0,0,0,0,0,0,0,285,0,0,0,0,157,7037,117,7,118,0,0
2022-09-08 00:00:00+00:00,0,0,0,0,0,0,0,0,0,0,0,0,0,0,0,0,0,0,0,0,0,0,7,0,0,0,0,123,8121,188,17,39,0,0
2022-09-09 00:00:00+00:00,0,0,0,0,0,0,0,0,0,0,0,0,0,0,0,0,0,0,0,0,0,0,238,0,0,0,0,77,6311,258,4,35,0,0
2022-09-10 00:00:00+00:00,0,0,0,0,0,0,0,0,0,0,0,0,0,0,0,0,0,0,0,0,0,0,32,0,0,0,0,393,8652,105,3,40,0,0
2022-09-11 00:00:00+00:00,0,0,0,0,0,0,0,0,0,0,0,0,0,0,0,0,0,0,0,0,0,0,11,0,0,0,0,133,8986,240,0,73,0,0
2022-09-12 00:00:00+00:00,0,0,0,0,0,0,0,0,0,0,0,0,0,0,0,0,0,0,0,0,0,0,6,0,0,0,0,112,6471,103,288,133,0,0
2022-09-13 00:00:00+00:00,0,0,0,0,0,0,0,0,0,0,0,0,0,0,0,0,0,0,0,0,0,0,0,0,0,0,0,218,11767,75,6,51,0,0
2022-09-14 00:00:00+00:00,0,0,0,0,0,0,0,0,0,0,0,0,0,0,0,0,0,0,0,0,0,0,0,0,0,0,0,541,8352,278,56,27,0,0
2022-09-15 00:00:00+00:00,0,0,0,0,0,0,0,0,0,0,0,0,0,0,0,0,0,0,0,0,0,0,0,0,0,0,0,309,9449,255,40,64,0,0
2022-09-16 00:00:00+00:00,0,0,0,0,0,0,0,0,0,0,0,0,0,0,0,0,0,0,0,0,0,0,0,0,0,0,0,282,7502,129,22,30,0,0
2022-09-17 00:00:00+00:00,0,0,0,0,0,0,0,0,0,0,0,0,0,0,0,0,0,0,0,0,0,0,0,0,0,0,0,726,5657,40,20,59,0,0
2022-09-18 00:00:00+00:00,0,0,0,0,0,0,0,0,0,0,0,0,0,0,0,0,0,0,0,0,0,0,0,0,0,0,0,395,6348,61,19,81,0,0
2022-09-19 00:00:00+00:00,0,0,0,0,0,0,0,0,0,0,0,0,0,0,0,0,0,0,0,0,0,0,0,0,0,0,0,515,8360,244,0,79,0,0
2022-09-20 00:00:00+00:00,0,0,0,0,0,0,0,0,0,0,0,0,0,0,0,0,0,0,0,0,0,0,0,0,0,0,0,202,9311,101,14,70,0,0
2022-09-21 00:00:00+00:00,0,0,0,0,0,0,0,0,0,0,0,0,0,0,0,0,0,0,0,0,0,0,0,0,0,0,0,187,7470,61,77,103,0,0
2022-09-22 00:00:00+00:00,0,0,0,0,0,0,0,0,0,0,0,0,0,0,0,0,0,0,0,0,0,0,0,0,0,0,0,154,9470,251,5,15,0,0
2022-09-23 00:00:00+00:00,0,0,0,0,0,0,0,0,0,0,0,0,0,0,0,0,0,0,0,0,0,0,0,0,0,0,0,322,8483,620,19,57,0,0
2022-09-24 00:00:00+00:00,0,0,0,0,0,0,0,0,0,0,0,0,0,0,0,0,0,0,0,0,0,0,0,0,0,0,0,192,7395,73,21,31,0,0
2022-09-25 00:00:00+00:00,0,0,0,0,0,0,0,0,0,0,0,0,0,0,0,0,0,0,0,0,0,0,0,0,0,0,0,207,5480,79,13,42,0,0
2022-09-26 00:00:00+00:00,0,0,0,0,0,0,0,0,0,0,0,0,0,0,0,0,0,0,0,0,0,0,0,0,0,0,0,243,6439,254,23,64,0,0
2022-09-27 00:00:00+00:00,0,0,0,0,0,0,0,0,0,0,0,0,0,0,0,0,0,0,0,0,0,0,0,0,0,0,0,208,8972,89,6,21,0,0
2022-09-28 00:00:00+00:00,0,0,0,0,0,0,0,0,0,0,0,0,0,0,0,0,0,0,0,0,0,0,0,0,0,0,0,539,9264,242,3,55,0,0
2022-09-29 00:00:00+00:00,0,0,0,0,0,0,0,0,0,0,0,0,0,0,0,0,0,0,0,0,0,0,0,0,0,0,0,402,12086,74,0,81,0,0
2022-09-30 00:00:00+00:00,0,0,0,0,0,0,0,0,0,0,0,0,0,0,0,0,0,0,0,0,0,0,0,0,0,0,0,438,11839,83,10,37,0,0
2022-10-01 00:00:00+00:00,0,0,0,0,0,0,0,0,0,0,0,0,0,0,0,0,0,0,0,0,0,0,0,0,0,0,0,204,7292,192,0,77,0,0
2022-10-02 00:00:00+00:00,0,0,0,0,0,0,0,0,0,0,0,0,0,0,0,0,0,0,0,0,0,0,0,0,0,0,0,193,7800,51,18,41,0,0
2022-10-03 00:00:00+00:00,0,0,0,0,0,0,0,0,0,0,0,0,0,0,0,0,0,0,0,0,0,0,0,0,0,0,0,268,10401,45,2,96,0,0
2022-10-04 00:00:00+00:00,0,0,0,0,0,0,0,0,0,0,0,0,0,0,0,0,0,0,0,0,0,0,0,0,0,0,0,317,12277,46,60,104,0,0
2022-10-05 00:00:00+00:00,0,0,0,0,0,0,0,0,0,0,0,0,0,0,0,0,0,0,0,0,0,0,0,0,0,0,0,179,8466,92,0,49,0,0
2022-10-06 00:00:00+00:00,0,0,0,0,0,0,0,0,0,0,0,0,0,0,0,0,0,0,0,0,0,0,0,0,0,0,0,273,12910,492,0,57,0,0
2022-10-07 00:00:00+00:00,0,0,0,0,0,0,0,0,0,0,0,0,0,0,0,0,0,0,0,0,0,0,0,0,0,0,0,207,7400,246,11,99,0,0
2022-10-08 00:00:00+00:00,0,0,0,0,0,0,0,0,0,0,0,0,0,0,0,0,0,0,0,0,0,0,0,0,0,0,0,62,7235,95,61,65,0,0
2022-10-09 00:00:00+00:00,0,0,0,0,0,0,0,0,0,0,0,0,0,0,0,0,0,0,0,0,0,0,0,0,0,0,0,284,7305,29,0,67,0,0
2022-10-10 00:00:00+00:00,0,0,0,0,0,0,0,0,0,0,0,0,0,0,0,0,0,0,0,0,0,0,0,0,0,0,0,217,9744,97,11,94,0,0
2022-10-11 00:00:00+00:00,0,0,0,0,0,0,0,0,0,0,0,0,0,0,0,0,0,0,0,0,0,0,0,0,0,0,0,566,9965,109,0,103,0,0
2022-10-12 00:00:00+00:00,0,0,0,0,0,0,0,0,0,0,0,0,0,0,0,0,0,0,0,0,0,0,0,0,0,0,0,236,7509,106,0,29,0,0
2022-10-13 00:00:00+00:00,0,0,0,0,0,0,0,0,0,0,0,0,0,0,0,0,0,0,0,0,0,0,0,0,0,0,0,284,9523,26,15,23,0,0
2022-10-14 00:00:00+00:00,0,0,0,0,0,0,0,0,0,0,0,0,0,0,0,0,0,0,0,0,0,0,0,0,0,0,0,287,9873,111,3,77,0,0
2022-10-15 00:00:00+00:00,0,0,0,0,0,0,0,0,0,0,0,0,0,0,0,0,0,0,0,0,0,0,0,0,0,0,0,208,6634,58,36,96,0,0
2022-10-16 00:00:00+00:00,0,0,0,0,0,0,0,0,0,0,0,0,0,0,0,0,0,0,0,0,0,0,0,0,0,0,0,253,6073,19,0,19,0,0
2022-10-17 00:00:00+00:00,0,0,0,0,0,0,0,0,0,0,0,0,0,0,0,0,0,0,0,0,0,0,0,0,0,0,0,274,9470,94,22,39,0,0
2022-10-18 00:00:00+00:00,0,0,0,0,0,0,0,0,0,0,0,0,0,0,0,0,0,0,0,0,0,0,0,0,0,0,0,128,8139,41,15,42,0,0
2022-10-19 00:00:00+00:00,0,0,0,0,0,0,0,0,0,0,0,0,0,0,0,0,0,0,0,0,0,0,0,0,0,0,0,235,10662,128,0,54,0,0
2022-10-20 00:00:00+00:00,0,0,0,0,0,0,0,0,0,0,0,0,0,0,0,0,0,0,0,0,0,0,0,0,0,0,0,111,7331,126,0,67,0,0
2022-10-21 00:00:00+00:00,0,0,0,0,0,0,0,0,0,0,0,0,0,0,0,0,0,0,0,0,0,0,0,0,0,0,0,141,11430,173,20,34,0,0
2022-10-22 00:00:00+00:00,0,0,0,0,0,0,0,0,0,0,0,0,0,0,0,0,0,0,0,0,0,0,0,0,0,0,0,67,4783,37,0,66,0,0
2022-10-23 00:00:00+00:00,0,0,0,0,0,0,0,0,0,0,0,0,0,0,0,0,0,0,0,0,0,0,0,0,0,0,0,140,9280,69,0,174,0,0
2022-10-24 00:00:00+00:00,0,0,0,0,0,0,0,0,0,0,0,0,0,0,0,0,0,0,0,0,0,0,0,0,0,0,0,177,7492,433,0,100,0,0
2022-10-25 00:00:00+00:00,0,0,0,0,0,0,0,0,0,0,0,0,0,0,0,0,0,0,0,0,0,0,0,0,0,0,0,349,8513,85,14,26,0,0
2022-10-26 00:00:00+00:00,0,0,0,0,0,0,0,0,0,0,0,0,0,0,0,0,0,0,0,0,0,0,0,0,0,0,0,418,8115,159,7,76,0,0
2022-10-27 00:00:00+00:00,0,0,0,0,0,0,0,0,0,0,0,0,0,0,0,0,0,0,0,0,0,0,0,0,0,0,0,311,10745,235,0,49,0,0
2022-10-28 00:00:00+00:00,0,0,0,0,0,0,0,0,0,0,0,0,0,0,0,0,0,0,0,0,0,0,0,0,0,0,0,104,7715,35,0,8,0,0
2022-10-29 00:00:00+00:00,0,0,0,0,0,0,0,0,0,0,0,0,0,0,0,0,0,0,0,0,0,0,0,0,0,0,0,100,5999,145,0,105,0,0
2022-10-30 00:00:00+00:00,0,0,0,0,0,0,0,0,0,0,0,0,0,0,0,0,0,0,0,0,0,0,0,0,0,0,0,332,9319,52,9,36,0,0
2022-10-31 00:00:00+00:00,0,0,0,0,0,0,0,0,0,0,0,0,0,0,0,0,0,0,0,0,0,0,0,0,0,0,0,131,9185,31,0,75,0,0
2022-11-01 00:00:00+00:00,0,0,0,0,0,0,0,0,0,0,0,0,0,0,0,0,0,0,0,0,0,0,0,0,0,0,0,283,9988,23,17,141,0,0
2022-11-02 00:00:00+00:00,0,0,0,0,0,0,0,0,0,0,0,0,0,0,0,0,0,0,0,0,0,0,0,0,0,0,0,177,7238,137,4,37,0,0
2022-11-03 00:00:00+00:00,0,0,0,0,0,0,0,0,0,0,0,0,0,0,0,0,0,0,0,0,0,0,0,0,0,0,0,231,12361,220,142,43,0,0
2022-11-04 00:00:00+00:00,0,0,0,0,0,0,0,0,0,0,0,0,0,0,0,0,0,0,0,0,0,0,0,0,0,0,0,164,7378,169,4,36,0,0
2022-11-05 00:00:00+00:00,0,0,0,0,0,0,0,0,0,0,0,0,0,0,0,0,0,0,0,0,0,0,0,0,0,0,0,250,8054,94,2,41,0,0
2022-11-06 00:00:00+00:00,0,0,0,0,0,0,0,0,0,0,0,0,0,0,0,0,0,0,0,0,0,0,0,0,0,0,0,146,10224,64,10,136,0,0
2022-11-07 00:00:00+00:00,0,0,0,0,0,0,0,0,0,0,0,0,0,0,0,0,0,0,0,0,0,0,0,0,0,0,0,555,9232,22,0,60,0,0
2022-11-08 00:00:00+00:00,0,0,0,0,0,0,0,0,0,0,0,0,0,0,0,0,0,0,0,0,0,33,0,0,0,0,0,494,12376,24,16,126,0,0
2022-11-09 00:00:00+00:00,0,0,0,0,0,0,0,0,0,0,0,0,0,0,0,0,0,0,0,0,0,137,0,0,0,0,611,151,17024,163,20,68,0,179
2022-11-10 00:00:00+00:00,0,0,0,0,0,0,0,0,0,0,0,0,0,0,0,0,0,0,0,0,0,20,0,0,0,0,275,145,11400,62,1,47,0,193
2022-11-11 00:00:00+00:00,0,0,0,0,0,0,0,0,0,0,0,0,0,0,0,0,0,0,0,0,0,74,0,0,0,0,161,80,10534,147,0,61,0,146
2022-11-12 00:00:00+00:00,0,0,0,0,0,0,0,0,0,0,0,0,0,0,0,0,0,0,0,0,0,291,0,0,0,0,159,144,8661,73,1,2,0,125
2022-11-13 00:00:00+00:00,0,0,0,0,0,0,0,0,0,0,0,0,0,0,0,0,0,0,0,0,0,273,0,0,0,0,119,107,11906,98,0,8,0,112
2022-11-14 00:00:00+00:00,0,0,0,0,0,0,0,0,0,0,0,0,0,0,0,0,0,0,0,0,0,49,0,0,0,0,225,157,12197,99,19,48,0,292
2022-11-15 00:00:00+00:00,0,0,0,0,0,0,0,0,0,0,0,0,0,0,0,0,0,0,0,0,0,67,0,0,0,0,163,192,10410,87,0,27,0,86
2022-11-16 00:00:00+00:00,0,0,0,0,0,0,0,0,0,0,0,0,0,0,0,0,0,0,0,0,0,46,0,0,0,0,0,609,9406,66,0,54,0,178
2022-11-17 00:00:00+00:00,0,0,0,0,0,0,0,0,0,0,0,0,0,0,0,0,0,0,0,0,0,14,0,0,0,0,178,591,9611,186,38,97,0,316
2022-11-18 00:00:00+00:00,0,0,0,0,0,0,0,0,0,0,0,0,0,0,0,0,0,0,0,0,0,137,0,0,0,0,184,208,10627,59,11,81,0,140
2022-11-19 00:00:00+00:00,0,0,0,0,0,0,0,0,0,0,0,0,0,0,0,0,0,0,0,0,0,342,0,0,0,0,136,313,7530,36,42,25,0,0
2022-11-20 00:00:00+00:00,0,0,0,0,0,0,0,0,0,0,0,0,0,0,0,0,0,0,0,0,0,13,0,0,0,0,194,183,8087,570,0,27,0,116
2022-11-21 00:00:00+00:00,0,0,0,0,0,0,0,0,0,0,0,0,0,0,0,0,0,0,0,0,0,70,0,0,0,0,0,565,8225,59,0,96,0,154
2022-11-22 00:00:00+00:00,0,0,0,0,0,0,0,0,0,0,0,0,0,0,0,0,0,0,0,0,0,429,0,0,0,0,0,223,11159,37,0,35,0,0
2022-11-23 00:00:00+00:00,0,0,0,0,0,0,0,0,0,0,0,0,0,0,0,0,0,0,0,0,0,1032,0,0,0,0,0,219,7251,307,1,90,0,0
2022-11-24 00:00:00+00:00,0,0,0,0,0,0,0,0,0,0,0,0,0,0,0,0,0,0,0,0,0,506,0,0,0,0,0,249,9477,94,30,52,0,0
2022-11-25 00:00:00+00:00,0,0,0,0,0,0,0,0,0,0,0,0,0,0,0,0,0,0,0,0,0,252,0,0,0,0,0,145,12690,167,5,118,0,0
2022-11-26 00:00:00+00:00,0,0,0,0,0,0,0,0,0,0,0,0,0,0,0,0,0,0,0,0,0,667,0,0,0,0,0,168,7880,69,14,82,0,0
2022-11-27 00:00:00+00:00,0,0,0,0,0,0,0,0,0,0,0,0,0,0,0,0,0,0,0,0,0,897,0,0,0,0,0,90,8828,46,0,133,0,0
2022-11-28 00:00:00+00:00,0,0,0,0,0,0,0,0,0,0,0,0,0,0,0,0,0,0,0,0,0,299,0,0,0,0,0,267,12426,86,0,53,0,0
2022-11-29 00:00:00+00:00,0,0,0,0,0,0,0,0,0,0,0,0,0,0,0,0,0,0,0,0,0,530,0,0,0,0,0,172,12561,54,45,189,0,0
2022-11-30 00:00:00+00:00,0,0,0,0,0,0,0,0,0,0,0,0,0,0,0,0,0,0,0,0,0,148,0,0,0,0,0,744,13382,207,17,119,0,0
2022-12-01 00:00:00+00:00,0,0,0,0,0,0,0,0,0,0,0,0,0,0,0,0,0,0,0,0,0,199,0,0,0,0,0,512,14992,763,33,77,0,0
2022-12-02 00:00:00+00:00,0,0,0,0,0,0,0,0,0,0,0,0,0,0,0,0,0,0,0,0,0,64,0,0,0,0,0,370,15109,63,46,44,0,0
2022-12-03 00:00:00+00:00,0,0,0,0,0,0,0,0,0,0,0,0,0,0,0,0,0,0,0,0,0,30,0,0,0,0,0,419,11096,59,33,60,0,0
2022-12-04 00:00:00+00:00,0,0,0,0,0,0,0,0,0,0,0,0,0,0,0,0,0,0,0,0,0,32,0,0,0,0,0,113,9251,453,18,116,0,0
2022-12-05 00:00:00+00:00,0,0,0,0,0,0,0,0,0,0,0,0,0,0,0,0,0,0,0,0,0,3,0,0,0,0,0,249,11539,94,0,177,0,0
2022-12-06 00:00:00+00:00,0,0,0,0,0,0,0,0,0,0,0,0,0,0,0,0,0,0,0,0,0,47,0,0,0,0,0,205,10814,211,47,117,0,0
2022-12-07 00:00:00+00:00,0,0,0,0,0,0,0,0,0,0,0,0,0,0,0,0,0,0,0,0,0,139,0,0,0,0,0,375,13693,89,13,94,0,0
2022-12-08 00:00:00+00:00,0,0,0,0,0,0,0,0,0,0,0,0,0,0,0,0,0,0,0,0,0,6,0,0,0,0,304,210,17716,54,11,60,0,133
2022-12-09 00:00:00+00:00,0,0,0,0,0,0,0,0,0,0,0,0,0,0,0,0,0,0,0,0,0,292,0,0,0,0,198,226,31593,57,15,9,0,216
2022-12-10 00:00:00+00:00,0,0,0,0,0,0,0,0,0,0,0,0,0,0,0,0,0,0,0,0,0,42,0,0,0,0,0,248,13671,355,53,81,0,0
2022-12-11 00:00:00+00:00,0,0,0,0,0,0,0,0,0,0,0,0,0,0,0,0,0,0,0,0,0,34,0,0,0,0,0,381,15489,78,22,123,0,0
2022-12-12 00:00:00+00:00,0,0,0,0,0,0,0,0,0,0,0,0,0,0,0,0,0,0,0,0,0,222,0,0,0,0,0,264,11760,100,27,193,0,0
2022-12-13 00:00:00+00:00,0,0,0,0,0,0,0,0,0,0,0,0,0,0,0,0,0,0,0,0,0,83,0,0,0,0,0,135,13485,71,15,10,0,0
2022-12-14 00:00:00+00:00,0,0,0,0,0,0,0,0,0,0,0,0,0,0,0,0,0,0,0,0,0,1,0,0,0,0,0,293,14197,161,41,237,0,0
2022-12-15 00:00:00+00:00,0,0,0,0,0,0,0,0,2898,0,0,0,0,0,0,0,0,0,0,0,0,167,0,0,0,0,326,116,22987,122,16,106,0,554
2022-12-16 00:00:00+00:00,0,0,0,0,0,0,0,0,3975,0,0,0,0,0,0,0,0,0,0,0,0,115,0,0,0,0,233,224,17828,51,28,146,0,417
2022-12-17 00:00:00+00:00,0,0,0,0,0,0,0,0,2296,0,0,0,0,0,0,0,0,0,0,0,0,6,0,0,0,0,171,147,15940,349,121,83,0,235
2022-12-18 00:00:00+00:00,0,0,0,0,0,0,0,0,3295,0,0,0,0,0,0,0,0,0,0,0,0,14,0,0,0,0,313,72,17478,115,8,60,0,818
2022-12-19 00:00:00+00:00,0,0,0,0,0,0,0,0,4478,0,0,0,0,0,0,0,0,0,0,0,0,7,0,0,0,0,233,207,24419,48,16,127,0,163
2022-12-20 00:00:00+00:00,0,0,0,0,0,0,0,0,761,0,0,0,0,0,0,0,0,0,0,0,0,22,0,0,0,0,0,169,15461,43,36,43,0,224
2022-12-21 00:00:00+00:00,0,0,0,0,0,0,0,0,141,0,0,0,0,0,0,0,0,0,0,0,0,16,0,0,0,0,0,170,16662,737,34,91,0,0
2022-12-22 00:00:00+00:00,0,0,0,0,0,0,0,0,1465,0,0,0,0,0,0,253,0,0,0,0,0,10,0,0,0,0,175,238,21171,1120,70,53,0,216
2022-12-23 00:00:00+00:00,0,0,0,0,0,0,0,0,1349,0,0,0,0,0,0,50,0,0,0,0,0,0,0,0,0,0,281,254,18981,188,30,131,0,249
2022-12-24 00:00:00+00:00,0,0,0,0,0,0,0,0,877,0,0,0,0,0,0,48,0,0,0,0,0,3,0,0,0,0,134,169,17452,122,20,65,0,626
2022-12-25 00:00:00+00:00,0,0,0,0,0,0,0,0,1170,0,0,0,0,0,0,10,0,0,0,0,0,0,0,0,0,0,0,93,11143,301,15,163,0,0
2022-12-26 00:00:00+00:00,0,0,0,0,0,0,0,0,245,0,0,0,0,0,0,52,0,0,0,0,0,16,0,0,0,0,0,111,12491,93,32,47,0,0
2022-12-27 00:00:00+00:00,0,0,0,0,0,0,0,0,3596,0,0,0,0,0,0,21,0,0,0,0,0,19,0,0,0,0,134,139,18504,27,8,115,0,0
2022-12-28 00:00:00+00:00,0,0,0,0,0,0,0,0,1122,0,0,0,0,0,0,52,0,0,0,0,0,0,0,0,0,0,129,142,15051,127,13,49,0,0
2022-12-29 00:00:00+00:00,0,0,0,0,0,0,0,0,1361,0,0,0,0,0,0,2,0,0,0,0,0,0,0,0,0,0,165,127,19795,262,0,63,0,0
2022-12-30 00:00:00+00:00,0,0,0,0,0,0,0,0,208,0,0,0,0,0,0,90,0,0,0,0,0,40,0,0,0,0,0,99,11245,197,7,244,0,27
2022-12-31 00:00:00+00:00,0,0,0,0,0,0,0,0,1167,0,0,0,0,0,0,50,0,0,0,0,0,17,0,0,0,0,340,175,22620,179,38,127,0,0
2023-01-01 00:00:00+00:00,0,0,0,0,0,0,0,0,1290,0,0,0,0,0,0,131,0,0,0,0,0,150,0,0,0,0,0,106,15631,219,55,91,0,0
2023-01-02 00:00:00+00:00,0,0,0,0,0,0,0,0,1197,0,0,0,0,0,0,27,0,0,0,0,0,98,0,0,0,0,231,86,21606,254,13,99,0,0
2023-01-03 00:00:00+00:00,0,0,0,0,0,0,0,0,1177,0,0,0,0,0,0,34,0,0,0,0,0,1,0,0,0,0,122,261,19514,281,30,49,0,345
2023-01-04 00:00:00+00:00,0,0,0,0,0,0,0,0,940,0,0,0,0,0,0,3,0,0,0,0,0,0,0,0,0,0,243,235,24128,170,49,66,0,254
2023-01-05 00:00:00+00:00,0,0,0,0,0,0,0,0,240,0,0,0,0,0,0,19,0,0,0,0,0,0,0,0,0,0,0,130,14660,61,23,67,0,0
2023-01-06 00:00:00+00:00,0,0,0,0,0,0,0,0,73,0,0,0,0,0,0,32,0,0,0,0,0,0,0,0,0,0,0,144,13242,88,15,54,0,0
2023-01-07 00:00:00+00:00,0,0,0,742,0,0,0,0,282,0,0,0,0,0,0,10,0,0,0,0,0,0,0,0,0,0,0,74,12474,83,24,49,0,0
2023-01-08 00:00:00+00:00,0,0,0,540,0,0,0,0,0,0,0,0,0,0,0,15,0,0,0,0,0,0,0,0,0,0,0,103,10613,60,14,89,0,0
2023-01-09 00:00:00+00:00,0,0,0,859,0,0,0,0,0,0,0,0,0,0,0,33,0,0,0,0,0,0,0,0,0,0,0,83,17395,51,0,72,0,0
2023-01-10 00:00:00+00:00,0,0,0,8848,0,0,0,0,0,0,0,0,0,0,0,34,0,0,0,0,0,0,0,0,0,0,257,105,24504,208,7,191,0,598
2023-01-11 00:00:00+00:00,0,0,0,5949,0,0,0,0,0,0,0,0,0,0,0,1,0,0,0,0,0,0,0,0,0,0,222,109,18915,142,4,171,0,433
2023-01-12 00:00:00+00:00,0,0,0,7188,0,0,0,0,0,0,0,0,0,0,0,15,0,0,0,0,0,0,0,0,0,0,248,119,24452,71,16,109,0,338
2023-01-13 00:00:00+00:00,0,0,0,7920,0,0,0,0,0,0,0,0,0,0,0,45,0,0,0,0,0,0,0,0,0,0,203,130,17490,103,0,71,0,633
2023-01-14 00:00:00+00:00,0,0,0,1149,0,0,0,0,0,0,0,0,0,0,0,45,0,0,0,0,0,0,0,0,0,0,0,135,13951,40,28,67,0,314
2023-01-15 00:00:00+00:00,0,0,0,518,0,0,0,0,0,0,0,0,0,0,0,11,0,0,0,0,0,0,0,0,0,0,0,599,11385,71,12,110,0,0
2023-01-16 00:00:00+00:00,0,0,0,633,0,0,0,0,0,0,0,0,0,0,0,14,0,0,0,0,0,0,0,0,0,0,0,262,12487,70,15,184,0,222
2023-01-17 00:00:00+00:00,0,0,0,7640,0,0,0,0,0,0,0,0,0,0,0,29,0,0,0,0,0,0,0,0,0,0,181,234,21443,137,16,89,0,399
2023-01-18 00:00:00+00:00,0,0,0,8085,0,0,0,0,0,0,0,0,0,0,0,7,0,0,0,0,0,0,0,0,0,0,164,179,14108,85,22,265,0,671
2023-01-19 00:00:00+00:00,0,0,0,10142,0,0,0,0,0,0,0,0,0,0,0,38,0,0,0,0,0,0,0,0,0,0,135,139,18242,114,49,147,0,453
2023-01-20 00:00:00+00:00,0,0,0,15105,0,0,0,0,0,0,0,0,0,0,0,18,0,0,0,0,0,0,0,0,0,0,157,348,17290,103,0,228,0,628
2023-01-21 00:00:00+00:00,0,0,0,3596,0,0,0,0,0,0,0,0,0,0,0,26,0,0,0,0,0,0,0,0,0,0,0,349,11163,274,25,94,0,95
2023-01-22 00:00:00+00:00,0,0,0,887,0,0,0,0,0,0,0,0,0,0,0,28,0,0,0,0,0,0,0,0,0,0,0,160,12024,87,56,63,0,0
2023-01-23 00:00:00+00:00,0,0,0,614,0,0,0,0,0,0,0,0,0,0,0,6,0,0,0,0,0,0,0,0,0,0,0,641,12819,205,0,104,0,0
2023-01-24 00:00:00+00:00,0,0,0,0,0,0,0,0,0,0,0,0,0,0,0,8,0,0,0,0,0,0,0,0,0,0,821,154,12232,108,79,155,0,285
2023-01-25 00:00:00+00:00,0,0,0,0,0,0,0,0,0,0,0,0,0,0,0,21,0,0,0,0,0,0,0,0,0,0,949,344,13472,85,52,166,0,298
2023-01-26 00:00:00+00:00,0,0,0,0,0,0,0,0,0,0,0,0,0,0,0,23,0,0,0,0,0,0,0,0,0,0,0,317,9021,113,41,145,0,288
2023-01-27 00:00:00+00:00,0,0,0,0,0,0,0,0,0,0,0,0,0,0,0,18,0,0,0,0,0,0,0,0,0,0,0,243,12592,428,5,132,0,244
2023-01-28 00:00:00+00:00,0,0,0,0,0,0,0,0,0,0,0,0,0,0,0,10,0,0,0,0,0,0,0,0,0,0,0,217,10775,65,53,141,0,0
2023-01-29 00:00:00+00:00,0,0,0,0,0,0,0,0,0,0,0,0,0,0,0,5,0,0,0,0,0,0,0,0,0,0,0,389,9596,159,19,105,0,0
2023-01-30 00:00:00+00:00,0,0,0,0,0,0,0,0,0,0,0,0,0,0,0,9,0,0,0,0,0,0,0,0,0,0,174,427,14342,89,69,114,0,286
2023-01-31 00:00:00+00:00,0,0,0,0,0,0,0,0,0,0,0,0,0,0,0,2,0,0,0,0,0,0,0,0,0,0,209,385,17753,78,16,177,0,1648
2023-02-01 00:00:00+00:00,0,0,0,0,0,0,0,0,0,0,0,0,0,0,0,2,0,0,0,0,0,0,0,0,0,0,262,408,16448,166,44,142,0,597
2023-02-02 00:00:00+00:00,0,0,0,0,0,0,0,0,0,0,0,0,0,0,0,0,0,0,0,0,0,0,0,0,0,0,182,462,18132,71,26,138,0,1249
2023-02-03 00:00:00+00:00,0,0,0,0,0,0,0,0,0,0,0,0,0,0,0,13,0,0,0,0,0,0,0,0,0,0,133,286,16667,143,10,101,0,975
2023-02-04 00:00:00+00:00,0,0,0,0,0,0,0,0,0,0,0,0,0,0,0,0,0,0,0,0,0,0,0,0,0,0,0,349,10973,105,32,144,0,503
2023-02-05 00:00:00+00:00,0,0,0,0,0,0,0,0,0,0,0,0,0,0,0,7,0,0,0,0,0,0,0,0,0,0,0,365,11974,112,42,166,0,0
2023-02-06 00:00:00+00:00,0,0,0,0,0,0,0,0,0,0,0,0,0,0,0,7,0,0,0,0,0,0,0,0,0,0,0,410,12902,85,5,194,0,212
2023-02-07 00:00:00+00:00,0,0,0,0,0,0,0,0,0,0,0,0,0,0,0,0,0,0,0,0,0,0,0,0,0,0,235,398,20638,179,17,155,0,88
2023-02-08 00:00:00+00:00,0,0,0,0,0,0,0,0,0,0,0,0,0,0,0,0,0,0,0,0,0,0,0,0,0,0,130,732,20634,76,34,148,0,276
2023-02-09 00:00:00+00:00,0,0,0,0,0,0,0,0,0,0,0,0,0,0,0,15,0,0,0,0,0,0,0,0,0,0,140,310,16916,105,34,144,0,226
2023-02-10 00:00:00+00:00,0,0,0,0,0,0,0,0,0,0,0,0,0,0,0,4,0,0,0,0,0,0,0,0,0,0,120,140,13893,151,90,244,0,188
2023-02-11 00:00:00+00:00,0,0,0,0,0,0,0,0,0,0,0,0,0,0,0,14,0,0,0,0,0,0,0,0,0,0,0,198,10261,176,108,110,0,233
2023-02-12 00:00:00+00:00,0,0,0,0,0,0,0,0,0,0,0,0,0,0,0,5,0,0,0,0,0,0,0,0,0,0,0,360,9929,1005,33,189,0,195
2023-02-13 00:00:00+00:00,0,0,0,0,0,0,0,0,0,0,0,0,0,0,0,0,0,0,0,0,0,0,0,0,0,0,0,255,10040,175,32,138,0,0
2023-02-14 00:00:00+00:00,0,0,0,0,0,0,0,0,0,0,0,0,0,0,0,6,0,0,0,0,0,0,0,0,0,0,175,178,18219,253,34,224,0,385
2023-02-15 00:00:00+00:00,0,0,0,0,0,0,0,0,0,0,0,0,0,0,0,0,0,0,0,0,0,0,0,0,0,0,153,66,18431,83,17,245,0,487
2023-02-16 00:00:00+00:00,0,0,0,0,0,0,0,0,0,0,0,0,0,0,0,7,0,0,0,0,0,0,0,0,0,0,170,236,13173,102,21,438,0,856
2023-02-17 00:00:00+00:00,0,0,0,0,0,0,0,0,0,0,0,0,0,0,0,1,0,0,0,0,0,0,0,0,0,0,178,401,17303,166,21,272,0,571
2023-02-18 00:00:00+00:00,0,0,0,0,0,0,0,0,0,0,0,0,0,0,0,5,0,0,0,0,0,0,0,0,0,0,0,271,9857,106,86,266,0,506
2023-02-19 00:00:00+00:00,0,0,0,0,0,0,0,0,0,0,0,0,0,0,0,1,0,0,0,0,0,0,0,0,0,0,0,192,9613,198,69,113,0,52
2023-02-20 00:00:00+00:00,0,0,0,0,0,0,0,0,0,0,0,0,0,0,0,0,0,0,0,0,0,0,0,0,0,0,0,191,10928,122,13,115,0,0
2023-02-21 00:00:00+00:00,0,0,0,0,0,0,0,0,0,0,0,0,0,0,0,0,0,0,0,0,0,0,0,0,0,0,179,699,14872,111,53,190,0,308
2023-02-22 00:00:00+00:00,0,0,0,0,0,0,0,0,0,0,0,0,0,0,0,4,0,0,0,0,0,0,0,0,0,0,299,288,19105,315,16,149,0,614
2023-02-23 00:00:00+00:00,0,0,0,0,0,0,0,0,0,0,0,0,0,0,0,2,0,0,0,0,0,0,0,0,0,0,169,411,17534,111,14,75,0,295
2023-02-24 00:00:00+00:00,0,0,0,0,0,0,0,0,0,0,0,0,0,0,0,2,0,0,0,0,0,0,0,0,0,0,219,144,18941,71,12,106,0,659
2023-02-25 00:00:00+00:00,0,0,0,0,0,0,0,0,0,0,0,0,0,0,0,11,0,0,0,0,0,0,0,0,0,0,0,208,12387,98,53,67,0,0
2023-02-26 00:00:00+00:00,0,0,0,0,0,0,0,0,0,0,0,0,0,0,0,5,0,0,0,0,0,0,0,0,0,0,0,123,12837,171,19,96,0,47
2023-02-27 00:00:00+00:00,0,0,0,0,0,0,0,0,0,0,0,0,0,0,0,5,0,0,0,0,0,0,0,0,0,0,0,396,13437,49,47,61,0,0
2023-02-28 00:00:00+00:00,0,0,0,0,0,0,0,0,0,0,0,0,0,0,0,8,0,0,0,0,0,0,0,0,0,0,154,415,19044,210,31,96,0,229
2023-03-01 00:00:00+00:00,0,0,0,0,0,0,0,0,0,0,0,0,0,0,0,0,0,0,0,0,0,0,0,0,0,0,141,118,15644,85,6,137,0,255
2023-03-02 00:00:00+00:00,0,0,0,0,0,0,0,0,0,0,0,0,0,0,0,0,0,0,0,0,0,0,0,0,0,0,148,209,17523,87,4,292,0,346
2023-03-03 00:00:00+00:00,0,0,0,0,0,0,0,0,0,0,0,0,0,0,0,2,0,0,0,0,0,0,0,0,0,0,209,78,22823,216,19,76,0,1095
2023-03-04 00:00:00+00:00,0,0,0,0,0,0,0,0,0,0,0,0,0,0,0,0,0,0,0,0,0,0,0,0,0,0,0,131,11198,24,28,169,0,202
2023-03-05 00:00:00+00:00,0,0,0,0,0,0,0,0,0,0,0,0,0,0,0,0,0,0,0,0,0,0,0,0,0,0,0,366,11192,138,5,139,0,464
2023-03-06 00:00:00+00:00,0,0,0,0,0,0,0,0,0,0,0,0,0,0,0,7,0,0,0,0,0,0,0,0,0,0,0,221,16606,56,32,27,0,0
2023-03-07 00:00:00+00:00,0,0,0,0,703,0,0,0,0,0,0,0,0,0,0,0,0,0,0,0,0,0,0,0,0,0,232,158,17010,58,0,87,0,302
2023-03-08 00:00:00+00:00,0,0,0,0,146,0,0,0,0,0,0,0,0,0,0,0,0,0,0,0,0,0,0,0,0,0,0,137,14569,132,5,117,0,393
2023-03-09 00:00:00+00:00,0,0,0,0,174,0,0,0,0,0,0,0,0,0,0,7,0,0,0,0,0,0,0,0,0,0,154,159,16651,127,0,62,0,277
2023-03-10 00:00:00+00:00,0,0,0,0,336,0,0,0,0,0,0,0,0,0,0,0,0,0,0,0,0,0,0,0,0,0,150,164,15273,61,20,115,0,1492
2023-03-11 00:00:00+00:00,0,0,0,0,40,0,0,0,0,0,0,0,0,0,0,0,0,0,0,0,0,0,0,0,0,0,159,823,10156,88,18,93,0,139
2023-03-12 00:00:00+00:00,0,0,0,0,44,0,0,0,0,0,0,0,0,0,0,0,0,0,0,0,0,0,0,0,0,0,0,3599,5885,35,0,35,0,126
2023-03-13 00:00:00+00:00,0,0,0,0,22,0,0,0,0,0,0,0,0,0,0,3,0,0,0,0,0,0,0,0,0,0,0,250,16441,98,83,44,0,224
2023-03-14 00:00:00+00:00,0,0,0,0,83,0,0,0,0,0,0,0,0,0,0,1,0,0,0,0,0,0,0,0,0,0,142,250,16311,49,6,71,0,273
2023-03-15 00:00:00+00:00,0,0,0,0,175,0,0,0,0,0,0,0,0,0,0,0,0,0,0,0,0,0,0,0,0,0,179,220,11789,177,12,21,0,465
2023-03-16 00:00:00+00:00,0,0,0,0,496,0,0,0,0,0,0,0,0,0,0,2,0,0,0,0,0,0,0,0,0,0,186,469,17746,33,23,68,0,0
2023-03-17 00:00:00+00:00,0,0,0,0,269,0,0,0,0,0,0,0,0,0,0,2,0,0,0,0,0,0,0,0,0,0,163,180,18262,139,7,151,0,682
2023-03-18 00:00:00+00:00,0,0,0,0,0,0,0,0,0,0,0,0,0,0,0,1,0,0,0,0,0,0,0,0,0,0,142,129,11282,13,5,70,0,100
2023-03-19 00:00:00+00:00,0,0,0,0,0,0,0,0,0,0,0,0,0,0,0,5,0,0,0,0,0,0,0,0,0,0,0,314,10155,52,30,210,0,134
2023-03-20 00:00:00+00:00,0,0,0,0,0,0,0,0,0,0,0,0,0,0,0,1,0,0,0,0,0,0,0,550,0,0,0,140,11786,138,25,68,0,191
2023-03-21 00:00:00+00:00,0,0,0,0,0,0,0,0,0,0,0,0,0,0,0,0,0,0,0,0,0,0,0,3313,0,0,157,539,12958,69,2,43,0,65
2023-03-22 00:00:00+00:00,744,0,0,0,0,0,0,0,0,0,0,0,0,0,0,4,0,0,0,0,0,0,0,2763,0,0,141,163,16328,120,9,74,0,791
2023-03-23 00:00:00+00:00,0,0,0,0,0,0,0,0,0,0,0,0,0,0,0,3,0,0,0,0,0,0,0,2047,0,0,161,236,21137,53,6,102,0,681
2023-03-24 00:00:00+00:00,2813,0,0,0,0,0,0,0,0,0,0,0,0,0,0,0,0,0,0,0,0,0,0,1446,0,0,110,427,18279,61,24,48,0,727
2023-03-25 00:00:00+00:00,1946,0,0,0,0,0,0,0,0,0,0,0,0,0,0,0,0,0,0,0,0,0,0,1356,0,0,118,430,15425,40,3,141,0,536
2023-03-26 00:00:00+00:00,1043,0,0,0,0,0,0,0,0,0,0,0,0,0,0,0,0,0,0,0,0,0,0,1301,0,0,0,185,11876,62,0,83,0,687
2023-03-27 00:00:00+00:00,2030,0,0,0,0,0,0,0,0,0,0,0,0,0,0,0,0,0,0,0,0,0,0,1465,0,0,0,178,12695,204,45,91,0,245
2023-03-28 00:00:00+00:00,7300,0,0,0,0,0,0,0,0,0,0,0,0,0,0,0,0,0,0,0,0,0,0,1317,0,0,286,488,26475,102,11,180,0,920
2023-03-29 00:00:00+00:00,6355,0,0,0,0,0,0,0,0,0,0,0,0,0,0,1,0,0,0,0,0,0,0,835,0,0,165,443,20500,45,36,109,0,945
2023-03-30 00:00:00+00:00,6495,0,0,0,0,0,0,0,0,0,0,0,0,0,0,0,0,0,0,0,0,0,0,1039,0,0,156,239,17601,197,9,72,0,465
2023-03-31 00:00:00+00:00,7059,0,0,0,0,0,0,0,0,0,0,0,0,0,0,0,0,0,0,0,0,0,0,1281,0,0,186,405,17325,60,9,166,0,418
2023-04-01 00:00:00+00:00,1930,0,0,0,0,0,0,0,0,0,0,0,0,0,0,0,0,0,0,0,0,0,0,1880,0,0,2518,725,33963,273,15,193,0,489
2023-04-02 00:00:00+00:00,412,0,0,0,0,0,0,0,0,0,0,0,0,0,0,0,0,0,0,0,0,0,0,241,0,0,0,1635,15128,137,18,132,0,0
2023-04-03 00:00:00+00:00,1178,0,0,0,0,0,0,0,0,0,0,0,0,0,0,2,0,0,0,0,0,0,0,1786,0,0,0,543,11602,64,8,130,0,0
2023-04-04 00:00:00+00:00,7009,0,0,0,0,0,0,0,0,0,0,0,0,0,0,3,0,0,0,0,0,0,0,1683,0,0,212,350,14903,60,28,47,0,203
2023-04-05 00:00:00+00:00,6348,0,0,0,0,0,0,0,0,0,0,0,0,0,0,1,0,0,0,0,0,0,0,960,0,0,131,378,13785,88,6,118,0,556
2023-04-06 00:00:00+00:00,5369,0,0,0,0,0,0,0,0,0,0,0,0,0,0,0,0,0,0,0,0,0,0,803,0,0,158,315,12626,47,22,222,0,887
2023-04-07 00:00:00+00:00,6761,0,0,0,0,0,0,0,0,0,0,0,0,0,0,1,0,0,0,0,0,0,0,1276,0,0,212,234,13530,300,14,211,0,134
2023-04-08 00:00:00+00:00,1011,0,0,0,0,0,0,0,0,0,0,0,0,0,0,2,0,0,0,0,0,0,0,405,0,0,274,438,16879,32,34,113,0,0
2023-04-09 00:00:00+00:00,126,0,0,0,0,0,0,0,0,0,0,0,0,0,0,1,0,0,0,0,0,0,0,1558,0,0,0,367,10029,37,11,90,0,71
2023-04-10 00:00:00+00:00,133,0,0,0,0,0,0,0,0,0,0,0,0,0,0,0,0,0,0,0,0,0,0,3392,0,0,0,436,14292,45,32,119,0,0
2023-04-11 00:00:00+00:00,5397,0,0,0,0,0,0,0,0,0,0,0,0,0,0,0,0,0,0,0,0,0,0,4045,0,0,642,162,18322,25,25,17,0,85
2023-04-12 00:00:00+00:00,8760,0,0,0,0,0,0,0,0,0,0,0,0,0,0,0,0,0,0,0,0,0,0,2851,0,0,322,140,13926,94,8,143,0,533
2023-04-13 00:00:00+00:00,7991,0,0,0,0,0,0,0,0,0,0,0,0,0,0,0,0,0,0,0,0,0,0,3427,0,0,0,187,17772,139,13,106,0,579
2023-04-14 00:00:00+00:00,2244,0,0,0,0,0,0,0,0,0,0,0,0,0,0,0,0,0,0,0,0,0,0,2902,0,0,0,382,9955,56,19,92,0,0
2023-04-15 00:00:00+00:00,1253,0,0,0,0,0,0,0,0,0,0,0,0,0,0,0,0,0,0,0,0,0,0,2641,0,0,0,772,10793,86,20,124,0,0
2023-04-16 00:00:00+00:00,879,0,0,0,0,0,0,0,0,0,0,0,0,0,0,0,0,0,0,0,0,0,0,1830,0,0,0,289,12025,141,9,143,0,0
2023-04-17 00:00:00+00:00,1180,0,0,0,0,0,0,0,0,0,0,0,0,0,0,0,0,0,0,0,0,0,0,993,0,0,0,489,10138,45,20,21,0,184
2023-04-18 00:00:00+00:00,0,0,0,0,0,0,0,0,0,0,0,0,0,0,0,0,0,0,0,0,0,0,0,2211,0,0,0,342,11158,80,34,72,0,0
2023-04-19 00:00:00+00:00,0,0,0,0,0,0,0,0,0,0,0,0,0,0,0,0,0,0,0,0,0,0,0,3679,0,0,0,434,12824,79,18,28,0,0
2023-04-20 00:00:00+00:00,0,0,0,0,0,0,0,0,0,0,0,0,0,0,0,0,0,0,0,0,0,0,0,2548,0,0,0,922,15104,57,56,21,0,0
2023-04-21 00:00:00+00:00,0,0,0,0,0,0,0,0,0,0,0,0,0,0,0,1,0,0,0,0,0,0,0,1626,0,0,0,1765,17190,106,14,121,0,0
2023-04-22 00:00:00+00:00,0,0,0,0,0,0,0,0,0,0,0,0,0,0,0,0,0,0,0,0,0,0,0,2262,0,0,0,279,11719,46,21,166,0,0
2023-04-23 00:00:00+00:00,0,0,0,0,0,0,0,0,0,0,0,0,0,0,0,0,0,0,0,0,0,0,0,2321,0,0,566,197,12718,94,23,112,0,0
2023-04-24 00:00:00+00:00,0,0,0,0,0,0,0,0,0,0,0,0,0,0,0,5,0,0,0,0,0,0,0,1219,0,0,0,362,11482,88,6,45,0,0
2023-04-25 00:00:00+00:00,0,0,0,0,0,0,0,0,0,0,0,0,0,0,0,4,0,0,0,0,0,0,0,2408,0,0,254,264,10785,90,1,139,0,394
2023-04-26 00:00:00+00:00,0,0,0,0,0,0,0,0,0,0,0,0,0,0,0,0,0,0,0,0,0,0,0,6114,0,0,143,157,11914,59,36,98,0,0
2023-04-27 00:00:00+00:00,0,0,0,0,0,0,0,0,0,0,0,0,0,0,0,0,0,0,0,0,0,0,0,4370,0,0,145,265,10974,55,24,88,0,351
2023-04-28 00:00:00+00:00,0,0,0,0,0,0,0,0,0,0,0,0,0,0,0,0,0,0,0,0,0,0,0,4942,0,0,127,99,11757,41,43,78,0,0
2023-04-29 00:00:00+00:00,0,0,0,0,0,0,0,0,0,0,0,0,0,0,0,0,0,0,0,0,0,0,0,4721,0,0,197,77,7569,40,18,73,0,0
2023-04-30 00:00:00+00:00,0,0,0,0,0,0,0,0,0,0,0,0,0,0,0,0,0,0,0,0,0,0,0,6251,0,0,0,137,6299,41,0,73,0,0
2023-05-01 00:00:00+00:00,0,0,171,0,0,0,0,0,0,0,0,0,0,0,0,0,0,0,0,0,0,0,0,4462,0,0,0,548,9047,24,0,81,0,0
2023-05-02 00:00:00+00:00,0,0,421,0,0,0,0,0,0,0,0,0,0,0,0,0,0,0,0,0,0,0,0,5658,0,0,141,333,11652,11,10,94,0,0
2023-05-03 00:00:00+00:00,0,0,350,0,0,0,0,0,0,0,0,0,0,0,0,0,0,0,0,0,0,0,0,5457,0,0,138,132,11343,13,10,13,0,179
2023-05-04 00:00:00+00:00,0,0,243,0,0,0,0,0,0,0,0,0,0,0,0,0,0,0,0,0,0,0,0,4696,0,0,164,143,9585,125,4,100,0,1036
2023-05-05 00:00:00+00:00,0,0,478,0,0,0,0,0,0,0,0,0,0,0,0,0,0,0,0,0,0,0,0,4668,0,0,2193,95,10402,90,12,84,0,657
2023-05-06 00:00:00+00:00,0,0,637,0,0,0,0,0,0,0,0,0,0,0,0,0,0,0,0,0,0,0,0,5666,0,0,0,113,8285,80,42,50,0,0
2023-05-07 00:00:00+00:00,0,0,246,0,0,0,0,0,0,0,0,0,0,0,0,0,0,0,0,0,0,0,0,5319,0,0,0,63,5892,590,14,144,0,0
2023-05-08 00:00:00+00:00,0,0,580,0,0,0,0,0,0,0,0,0,0,0,0,0,0,0,0,0,0,0,0,4334,0,0,0,90,6625,69,24,129,0,263
2023-05-09 00:00:00+00:00,0,0,730,0,0,0,0,0,0,0,0,0,0,0,0,0,0,0,0,0,0,0,0,4883,0,0,142,204,11188,51,0,171,0,192
2023-05-10 00:00:00+00:00,0,0,137,0,0,0,0,0,0,0,0,0,0,0,0,1,0,0,0,0,0,0,0,3555,0,0,193,245,12664,72,21,42,0,280
2023-05-11 00:00:00+00:00,0,0,895,0,0,0,0,0,0,0,0,0,0,0,0,5,0,0,0,0,0,0,0,2751,0,0,171,336,9955,36,23,21,0,86
2023-05-12 00:00:00+00:00,0,0,1356,0,0,0,0,0,0,0,0,0,0,0,0,0,0,0,0,0,0,0,0,1661,0,0,161,156,8967,103,8,137,0,73
2023-05-13 00:00:00+00:00,0,0,606,0,0,0,0,0,0,0,0,0,0,0,0,0,0,0,0,0,0,0,0,2731,0,0,0,129,6073,24,7,36,0,0
2023-05-14 00:00:00+00:00,0,0,689,0,0,0,0,0,0,0,0,0,0,0,0,0,0,0,0,0,0,0,0,1669,0,0,312,102,10248,250,0,37,0,0
2023-05-15 00:00:00+00:00,0,0,500,0,0,0,0,0,0,0,0,0,0,0,0,0,0,0,0,0,0,0,0,1527,0,0,141,120,10863,51,33,36,0,0
2023-05-16 00:00:00+00:00,0,0,2152,0,0,0,0,0,0,0,0,0,0,0,0,0,0,0,0,0,0,0,0,1141,0,0,133,101,8555,38,22,56,0,104
2023-05-17 00:00:00+00:00,0,0,1328,0,0,0,0,0,0,0,0,0,0,0,0,9,0,0,0,0,0,0,0,2162,0,0,227,250,12053,54,24,66,0,0
2023-05-18 00:00:00+00:00,0,0,757,0,0,0,0,0,0,0,0,0,0,0,0,0,0,0,0,0,0,0,0,1893,0,0,0,401,11096,21,2,61,0,124
2023-05-19 00:00:00+00:00,0,0,1287,0,0,0,0,0,0,0,0,0,0,0,0,1,0,0,0,0,0,0,0,1306,0,0,0,179,11631,71,18,36,0,0
2023-05-20 00:00:00+00:00,0,0,652,0,0,0,0,0,0,0,0,0,0,0,0,0,0,0,0,0,0,0,0,1190,0,0,0,223,6782,87,11,88,0,0
2023-05-21 00:00:00+00:00,0,0,611,0,0,0,0,0,0,0,0,0,0,0,0,2,0,0,0,0,0,0,0,1660,0,0,0,119,6116,69,17,25,0,0
2023-05-22 00:00:00+00:00,0,0,1247,0,0,0,0,0,0,0,0,0,0,0,0,6,0,0,0,0,0,0,0,1306,0,0,0,295,9354,18,21,52,0,0
2023-05-23 00:00:00+00:00,0,0,1190,0,0,0,0,0,0,0,0,0,0,0,0,7,0,0,0,0,0,0,0,2867,0,0,0,189,10993,37,15,73,0,0
2023-05-24 00:00:00+00:00,0,0,783,0,0,0,0,0,0,0,0,0,0,0,0,0,0,0,0,0,0,0,0,1485,0,0,0,140,16328,39,8,14,0,0
2023-05-25 00:00:00+00:00,0,0,394,0,0,0,0,0,0,0,0,0,0,0,0,5,0,0,0,0,0,0,0,2410,0,0,0,586,10433,49,1,39,0,0
2023-05-26 00:00:00+00:00,0,0,1266,0,0,0,0,0,0,0,0,0,0,0,0,10,0,0,0,0,0,0,0,2145,0,0,0,178,8724,34,17,77,0,0
2023-05-27 00:00:00+00:00,0,0,263,0,0,0,0,0,0,0,0,0,0,0,0,0,0,0,0,0,0,0,0,1447,0,0,0,104,6263,95,30,67,0,0
2023-05-28 00:00:00+00:00,0,0,826,0,0,0,0,0,0,0,0,0,0,0,0,0,0,0,0,0,0,0,0,1495,0,0,0,137,7332,36,19,63,0,0
2023-05-29 00:00:00+00:00,0,0,2383,0,0,0,0,0,0,0,0,0,0,0,0,0,0,0,0,0,0,0,0,2984,0,0,0,314,9522,87,29,70,0,0
2023-05-30 00:00:00+00:00,0,0,240,0,0,0,0,0,0,0,0,0,0,0,0,0,0,0,0,0,0,0,0,1170,0,0,239,127,12093,17,1,29,0,0
2023-05-31 00:00:00+00:00,0,0,705,0,0,0,0,0,0,0,0,0,0,0,0,3,0,0,0,0,0,0,0,1296,0,0,204,818,12377,64,12,79,0,0
2023-06-01 00:00:00+00:00,0,0,204,0,0,0,0,0,0,0,0,0,0,0,0,6,0,0,0,0,0,0,0,2009,0,0,170,180,12180,52,21,47,0,36
2023-06-02 00:00:00+00:00,0,0,188,0,0,0,0,0,0,0,0,0,0,0,0,0,0,0,0,0,0,0,0,2038,0,0,259,147,13466,28,0,85,0,258
2023-06-03 00:00:00+00:00,0,0,439,0,0,0,0,0,0,0,0,0,0,0,0,0,0,0,0,0,0,0,0,1580,0,0,0,154,8278,10,26,75,0,91
2023-06-04 00:00:00+00:00,0,0,409,0,0,0,0,0,0,0,0,0,0,0,0,0,0,0,0,0,0,0,0,1507,0,0,0,74,6870,4,0,54,0,0
2023-06-05 00:00:00+00:00,0,0,1482,0,0,0,0,0,0,0,0,0,0,0,0,0,0,0,0,0,0,0,0,1009,0,0,0,269,11372,18,2,76,0,0
2023-06-06 00:00:00+00:00,0,0,77,0,0,0,0,0,0,0,0,0,0,0,0,0,0,0,0,0,0,0,0,1026,0,0,216,296,10827,42,60,91,0,0
2023-06-07 00:00:00+00:00,0,0,91,0,0,0,0,0,0,0,0,0,0,0,0,0,0,0,0,0,0,0,0,4253,0,0,230,198,14464,42,2,34,0,276
2023-06-08 00:00:00+00:00,0,0,43,0,0,0,0,0,0,0,0,0,0,0,0,0,0,0,0,703,0,0,0,1199,0,0,107,67,19533,83,2,34,0,0
2023-06-09 00:00:00+00:00,0,0,11,0,0,0,0,0,0,0,0,0,0,0,0,0,0,0,0,1238,0,0,0,1822,0,0,167,82,13837,174,32,181,0,131
2023-06-10 00:00:00+00:00,0,0,85,0,0,0,0,0,0,0,0,0,0,0,0,0,0,0,0,654,0,0,0,2572,0,0,0,177,11152,78,7,15,0,0
2023-06-11 00:00:00+00:00,0,0,33,0,0,0,0,0,0,0,0,0,0,0,0,0,0,0,0,526,0,0,0,1636,0,0,116,159,20903,68,9,96,0,0
2023-06-12 00:00:00+00:00,0,0,47,0,0,0,0,0,0,0,0,0,0,0,0,0,0,0,0,517,0,0,0,1142,0,0,0,102,14888,39,27,81,0,0
2023-06-13 00:00:00+00:00,0,0,34,0,0,0,0,0,0,0,0,0,0,0,0,0,0,0,0,606,0,0,0,1410,0,0,0,272,14929,82,27,35,0,165
2023-06-14 00:00:00+00:00,0,0,47,0,0,0,0,0,0,0,0,0,0,0,0,0,0,0,0,725,0,0,0,2239,0,0,132,99,16799,32,38,77,0,0
2023-06-15 00:00:00+00:00,0,0,358,0,0,0,0,0,0,0,0,0,0,0,0,0,0,0,0,494,0,0,0,1612,0,0,235,172,17455,171,0,104,0,139
2023-06-16 00:00:00+00:00,0,0,37,0,0,0,0,0,0,0,0,0,0,0,0,0,0,0,0,267,0,0,0,1209,0,0,86,144,15610,154,32,106,0,90
2023-06-17 00:00:00+00:00,0,0,15,0,0,0,0,0,0,0,0,0,0,0,0,0,0,0,0,441,0,0,0,695,0,0,0,78,10376,138,26,71,0,0
2023-06-18 00:00:00+00:00,0,0,256,0,0,0,0,0,0,0,0,0,0,0,0,0,0,0,0,297,0,0,0,1573,0,0,0,68,13674,103,2,130,0,44
2023-06-19 00:00:00+00:00,0,0,108,0,0,0,0,0,0,0,0,0,0,0,0,0,0,0,0,392,0,0,0,1607,0,0,0,88,14044,77,42,56,0,0
2023-06-20 00:00:00+00:00,0,0,393,0,0,0,0,0,0,0,0,0,0,0,0,0,0,0,0,654,0,0,0,1647,0,0,142,74,18163,64,44,69,0,39
2023-06-21 00:00:00+00:00,0,0,53,0,0,0,0,0,0,0,0,0,0,0,0,0,0,0,0,437,0,0,0,743,0,0,193,265,20986,54,36,62,0,314
2023-06-22 00:00:00+00:00,0,0,52,0,0,432,0,0,0,0,0,0,0,0,0,0,0,0,0,649,0,0,0,1101,0,0,138,259,15270,41,33,186,0,845
2023-06-23 00:00:00+00:00,0,0,511,0,0,92,0,0,0,0,0,0,0,0,0,0,0,0,0,500,0,0,0,1680,0,0,172,166,20020,87,31,272,0,812
2023-06-24 00:00:00+00:00,0,0,70,0,0,200,0,0,0,0,0,0,0,0,0,0,0,0,0,334,0,0,0,1157,0,0,0,67,11876,152,0,80,0,206
2023-06-25 00:00:00+00:00,0,0,0,0,0,798,0,0,0,0,0,0,0,0,0,0,0,0,0,318,0,0,0,1091,0,0,0,115,13577,77,23,117,0,103
2023-06-26 00:00:00+00:00,0,0,0,0,0,272,0,0,0,0,0,0,0,0,0,0,0,0,0,531,0,0,0,1650,0,0,0,509,17824,120,77,47,0,163
2023-06-27 00:00:00+00:00,0,0,0,0,0,706,0,0,0,0,0,0,0,0,0,0,0,0,0,346,0,0,0,1202,0,0,155,189,17686,166,29,53,0,61
2023-06-28 00:00:00+00:00,0,0,0,0,0,897,0,0,0,0,0,0,0,0,0,2,0,0,0,388,0,0,0,2606,0,0,158,90,16329,40,27,176,0,298
2023-06-29 00:00:00+00:00,0,0,0,0,0,330,0,0,0,0,0,0,0,0,0,0,0,0,0,277,0,0,0,1756,0,0,337,260,18932,14,6,66,0,0
2023-06-30 00:00:00+00:00,0,0,0,0,0,260,0,0,0,0,0,0,0,0,0,0,0,0,0,272,0,0,0,759,0,0,299,156,17720,84,45,192,0,231
2023-07-01 00:00:00+00:00,0,0,0,0,0,515,0,0,0,0,0,0,0,0,0,0,0,0,0,247,0,0,0,1905,0,0,0,79,13342,45,45,49,0,439
2023-07-02 00:00:00+00:00,0,0,0,0,0,59,0,0,0,0,0,0,0,0,0,0,0,0,0,371,0,0,0,918,0,0,0,155,10316,44,75,158,0,0
2023-07-03 00:00:00+00:00,0,0,0,0,0,47,0,0,0,0,0,0,0,0,0,0,0,0,0,349,0,0,0,2641,0,0,0,181,8828,44,46,163,0,0
2023-07-04 00:00:00+00:00,0,0,0,0,0,66,0,0,0,0,0,0,0,0,0,0,0,0,0,566,0,0,0,1992,0,0,0,1123,13643,39,27,158,0,164
2023-07-05 00:00:00+00:00,0,0,0,0,0,130,0,0,0,0,0,0,0,0,0,0,0,0,0,158,0,0,0,3935,0,0,145,126,16673,129,55,119,0,122
2023-07-06 00:00:00+00:00,0,0,0,0,0,664,0,0,0,0,0,0,0,0,0,0,0,0,0,370,0,0,0,2977,0,0,158,68,13219,84,20,123,0,92
2023-07-07 00:00:00+00:00,0,0,0,0,0,308,0,0,0,0,0,0,0,0,0,0,0,0,0,270,0,0,0,1567,0,0,160,430,12999,15,44,83,0,137
2023-07-08 00:00:00+00:00,0,0,0,0,0,370,0,0,0,0,0,0,0,0,0,0,0,0,0,162,0,0,0,2419,134,0,227,449,11326,43,4,117,0,610
2023-07-09 00:00:00+00:00,0,0,0,0,0,1144,0,0,0,0,0,0,0,0,0,0,0,0,0,150,0,0,0,2326,23,0,152,403,14291,49,1,106,0,0
2023-07-10 00:00:00+00:00,0,0,0,0,0,573,0,0,0,0,0,0,0,0,0,0,0,0,0,61,0,0,0,1922,36,0,0,269,13122,63,25,52,0,157
2023-07-11 00:00:00+00:00,0,0,0,0,0,474,0,0,0,0,0,0,0,0,0,0,0,0,0,152,0,0,0,1200,8,0,168,214,11973,126,62,115,0,211
2023-07-12 00:00:00+00:00,0,0,0,0,0,462,2613,0,0,0,0,0,0,0,0,0,0,0,0,197,0,0,0,1274,0,0,240,306,15196,42,27,130,0,90
2023-07-13 00:00:00+00:00,0,0,0,0,0,520,1189,0,0,0,0,0,0,0,0,0,0,0,0,210,0,0,0,594,515,0,206,627,14906,97,6,184,0,94
2023-07-14 00:00:00+00:00,0,0,0,0,0,225,2704,0,0,0,0,0,0,0,0,0,0,0,0,121,0,0,0,1094,30,0,150,317,11614,28,31,56,0,105
2023-07-15 00:00:00+00:00,0,0,0,0,0,34,4837,0,0,0,0,0,0,0,0,0,0,0,0,151,0,0,0,571,14,0,160,216,9104,67,44,184,0,211
2023-07-16 00:00:00+00:00,0,0,0,0,0,0,486,0,0,0,0,0,0,0,0,0,0,0,0,248,0,0,0,3636,27,0,0,224,9228,93,4,121,0,50
2023-07-17 00:00:00+00:00,0,0,0,0,0,0,69,0,0,0,0,0,0,0,0,0,0,0,0,81,0,0,0,1274,7,0,0,385,12875,110,22,53,0,0
2023-07-18 00:00:00+00:00,0,0,0,0,0,0,101,0,0,0,2459,0,0,0,0,0,0,0,0,299,0,0,0,1872,3,0,261,196,23725,79,4,41,0,467
2023-07-19 00:00:00+00:00,0,0,0,0,0,0,107,0,0,0,1401,0,0,0,0,0,0,0,0,236,0,0,0,4836,6,0,173,157,13467,77,51,58,0,429
2023-07-20 00:00:00+00:00,0,0,0,0,0,0,0,0,0,0,1962,0,0,0,0,0,0,0,0,316,0,0,0,2872,37,0,224,317,14189,46,58,188,0,616
2023-07-21 00:00:00+00:00,0,0,0,0,0,0,0,0,0,0,710,0,0,0,0,0,0,0,0,236,0,0,0,2349,19,0,186,131,14028,20,36,77,0,112
2023-07-22 00:00:00+00:00,0,0,0,0,0,0,0,0,0,0,225,0,0,0,0,0,0,0,0,103,0,0,0,1987,20,0,0,118,9019,138,31,65,0,0
2023-07-23 00:00:00+00:00,0,0,0,0,0,0,0,0,0,0,83,0,0,0,0,0,0,0,0,182,0,0,0,1834,2,0,0,111,11068,53,4,49,0,0
2023-07-24 00:00:00+00:00,0,0,0,0,0,0,0,0,0,0,74,0,0,0,0,0,0,0,0,80,0,0,0,2271,19,0,0,384,10482,50,27,53,0,275
2023-07-25 00:00:00+00:00,0,0,0,0,0,0,0,0,0,0,890,0,0,0,0,0,0,0,0,369,0,0,0,3318,31,0,191,374,14725,124,37,40,0,247
2023-07-26 00:00:00+00:00,0,0,0,0,0,0,0,0,0,0,1263,0,0,0,0,0,0,0,0,298,0,0,0,2354,16,0,186,964,16749,78,31,24,0,217
2023-07-27 00:00:00+00:00,0,0,0,0,0,0,0,0,0,0,129,0,0,2728,0,0,0,0,0,280,0,0,0,2545,28,0,181,49,19414,62,109,52,0,118
2023-07-28 00:00:00+00:00,0,0,0,0,0,0,0,0,0,0,0,0,0,2079,0,0,0,0,0,202,0,0,0,2131,0,0,215,69,24880,26,0,105,0,1039
2023-07-29 00:00:00+00:00,0,0,0,0,0,0,0,0,0,0,0,0,0,1416,0,0,0,0,0,143,0,0,0,910,5,0,0,581,11091,38,76,82,0,166
2023-07-30 00:00:00+00:00,0,0,0,0,0,0,0,0,0,0,0,0,0,1453,0,0,0,0,0,288,0,0,0,1255,0,0,0,83,13310,16,47,75,0,171
2023-07-31 00:00:00+00:00,0,0,0,0,0,0,0,0,0,0,0,0,0,887,0,0,0,0,0,265,0,0,0,1957,7,0,0,44,14332,61,6,142,0,0
2023-08-01 00:00:00+00:00,0,0,0,0,0,0,0,0,0,0,0,0,0,13502,0,0,0,0,0,162,0,0,0,3670,15,0,364,273,17373,51,52,164,0,72
2023-08-02 00:00:00+00:00,0,0,0,0,0,0,0,0,0,0,0,0,0,14720,0,2,0,0,0,160,0,0,0,2275,78,0,294,332,13546,60,49,45,0,92
2023-08-03 00:00:00+00:00,0,0,0,0,0,0,0,0,0,0,0,0,0,12323,0,3,0,0,0,130,0,0,0,1223,22,0,205,144,12711,58,13,141,0,337
2023-08-04 00:00:00+00:00,0,0,0,0,0,0,0,0,0,0,0,0,0,10979,0,3,0,0,0,174,0,0,0,1384,6,0,233,407,14189,31,1,127,0,847
2023-08-05 00:00:00+00:00,0,0,0,0,0,0,0,0,0,0,0,0,0,14292,0,0,0,0,0,96,0,0,0,1326,3,0,219,125,7620,4,7,132,0,587
2023-08-06 00:00:00+00:00,0,0,0,0,0,0,0,0,0,0,0,0,0,2451,0,0,0,0,0,158,0,0,0,608,9,0,0,470,7862,23,1,99,0,58
2023-08-07 00:00:00+00:00,0,0,0,0,0,0,0,0,0,0,0,0,0,608,0,0,0,0,0,409,0,0,0,1616,6,0,0,974,11145,95,32,125,0,117
2023-08-08 00:00:00+00:00,0,0,0,0,0,0,0,0,0,0,0,0,0,12875,0,7,0,0,0,277,59,0,0,3063,62,0,177,180,15277,44,39,129,0,254
2023-08-09 00:00:00+00:00,0,0,0,0,0,0,0,0,0,0,0,0,0,9684,0,6,0,0,0,280,59,0,0,2501,17,0,240,144,16229,55,26,118,0,55
2023-08-10 00:00:00+00:00,0,0,0,0,0,0,0,0,0,0,0,0,0,11359,0,0,0,0,0,373,15,0,0,1013,13,0,343,88,14055,69,70,103,0,0
2023-08-11 00:00:00+00:00,0,0,0,0,0,0,0,0,0,0,0,0,0,15115,0,0,0,0,0,544,89,0,0,2348,1,0,237,121,15784,9,29,105,0,471
2023-08-12 00:00:00+00:00,0,0,0,0,0,0,0,0,0,0,0,0,0,16337,0,49,0,0,0,165,154,0,0,1805,0,0,172,146,11187,64,0,147,0,141
2023-08-13 00:00:00+00:00,0,0,0,0,0,0,0,0,0,0,0,0,0,18016,0,11,0,0,0,263,57,0,0,883,8,0,258,279,8698,25,40,117,0,149
2023-08-14 00:00:00+00:00,0,0,0,0,0,0,0,0,0,0,0,0,0,1475,0,20,0,0,0,239,21,0,0,2167,46,0,0,327,13838,70,33,75,0,224
2023-08-15 00:00:00+00:00,0,0,0,0,0,0,0,0,0,0,0,0,0,597,0,8,0,0,0,522,0,0,0,3649,29,0,0,162,10231,65,259,98,0,0
2023-08-16 00:00:00+00:00,0,0,0,0,0,0,0,0,0,0,0,0,0,700,0,2,0,0,0,134,6,0,0,4062,7,0,0,150,10435,132,62,59,0,0
2023-08-17 00:00:00+00:00,0,0,0,0,0,0,0,0,0,0,0,0,0,1134,0,17,0,0,0,156,0,0,0,1500,5,0,0,231,9950,29,32,72,0,315
2023-08-18 00:00:00+00:00,0,0,0,0,0,0,0,0,0,0,0,0,0,463,0,60,0,0,0,286,15,0,0,2025,59,0,0,867,10814,61,13,87,0,149
2023-08-19 00:00:00+00:00,0,0,0,0,0,0,0,0,0,0,0,0,0,501,0,10,0,0,0,412,7,0,0,2175,100,0,0,401,8923,21,0,117,0,0
2023-08-20 00:00:00+00:00,0,0,0,0,0,0,0,0,0,0,0,0,0,273,0,19,0,0,0,370,13,0,0,1642,29,0,0,73,10108,191,13,35,0,0
2023-08-21 00:00:00+00:00,0,0,0,0,0,0,0,0,0,0,0,0,0,387,0,15,0,0,0,201,5,0,0,2004,24,0,0,542,10357,31,30,43,0,0
2023-08-22 00:00:00+00:00,0,0,0,0,0,0,0,6201,0,0,0,0,0,1913,0,11,0,0,0,233,1,0,0,721,16,0,230,864,12866,156,54,19,0,0
2023-08-23 00:00:00+00:00,0,0,0,0,0,0,0,3814,0,0,0,0,0,0,0,8,0,0,0,168,0,0,0,1319,2,0,181,382,15903,32,17,67,0,209
2023-08-24 00:00:00+00:00,0,0,0,0,0,0,0,3063,0,0,0,0,0,0,0,51,0,0,0,125,0,0,0,1790,9,0,193,495,13106,163,0,157,0,382
2023-08-25 00:00:00+00:00,0,0,0,0,0,0,0,1398,0,0,0,0,0,0,0,9,0,0,0,264,0,0,0,1238,9,0,360,262,12813,16,57,165,0,303
2023-08-26 00:00:00+00:00,0,612,0,0,0,0,0,277,0,0,0,0,0,0,0,0,0,0,0,166,10,0,0,1137,29,0,142,353,10687,91,0,118,0,572
2023-08-27 00:00:00+00:00,0,850,0,0,0,0,0,0,0,0,0,0,0,0,0,0,0,0,0,113,5,0,0,1543,3,0,0,354,6163,27,5,115,0,84
2023-08-28 00:00:00+00:00,0,792,0,0,0,0,0,0,0,0,0,0,0,0,0,0,0,0,0,61,4,0,0,1756,0,0,0,339,9529,28,46,121,0,0
2023-08-29 00:00:00+00:00,0,1738,0,0,0,0,0,0,0,0,0,0,0,0,0,0,0,0,0,216,0,0,0,1913,0,0,132,466,11690,63,9,48,0,166
2023-08-30 00:00:00+00:00,0,1378,0,0,0,0,0,0,0,0,0,0,0,0,0,0,0,0,0,149,0,0,0,3951,2,0,165,187,9721,47,36,106,0,142
2023-08-31 00:00:00+00:00,0,1251,0,0,0,0,0,0,0,0,0,234,0,0,0,2,0,0,0,301,2,0,0,2042,0,0,0,442,12778,87,31,208,0,453
2023-09-01 00:00:00+00:00,0,246,0,0,0,0,0,0,0,0,0,2418,0,0,0,0,0,0,0,143,36,0,0,2671,0,0,248,226,13502,26,43,83,0,630
2023-09-02 00:00:00+00:00,0,469,0,0,0,0,0,0,0,0,0,1131,0,0,0,1,0,0,0,138,254,0,0,2334,1,0,0,311,9397,32,13,35,0,221
2023-09-03 00:00:00+00:00,0,159,0,0,0,0,0,0,0,0,0,1193,0,0,0,6,0,0,0,60,81,0,0,4498,0,0,263,222,11401,37,18,117,0,263
2023-09-04 00:00:00+00:00,0,293,0,0,0,0,0,0,0,0,0,1012,0,0,0,5,0,0,0,73,175,0,0,1586,0,0,191,75,12240,61,4,162,0,264
2023-09-05 00:00:00+00:00,0,76,0,0,0,0,0,0,0,0,0,1656,0,0,0,18,0,0,0,239,145,0,0,2313,1,0,199,616,14647,111,1,61,0,270
2023-09-06 00:00:00+00:00,0,126,0,0,0,0,0,0,0,0,0,667,0,0,0,1,0,0,0,97,144,0,0,3194,1,0,138,353,11550,29,19,101,0,274
2023-09-07 00:00:00+00:00,0,0,0,0,0,0,0,0,0,0,0,983,0,0,0,1,0,0,0,171,213,0,0,1545,0,0,170,299,10158,94,0,121,0,615
2023-09-08 00:00:00+00:00,0,0,0,0,0,0,0,0,0,0,0,590,0,0,0,63,0,0,0,169,187,0,0,1785,9,0,179,435,9651,26,53,113,0,198
2023-09-09 00:00:00+00:00,0,0,0,0,0,0,0,0,0,0,0,619,0,0,0,13,0,0,0,376,1422,0,0,1045,4,0,170,39,7473,51,15,59,0,220
2023-09-10 00:00:00+00:00,0,0,0,0,0,0,0,0,0,0,0,1081,0,0,0,1,0,0,0,281,1066,0,0,1788,16,0,0,188,9101,53,62,43,0,310
2023-09-11 00:00:00+00:00,0,0,0,0,0,0,0,0,0,0,0,586,0,0,0,0,0,0,0,31,336,0,0,1466,12,0,0,60,10560,46,9,89,0,183
2023-09-12 00:00:00+00:00,0,0,0,0,0,0,0,0,0,0,0,1109,0,0,0,0,0,0,0,195,185,0,0,2402,11,0,163,309,12132,48,43,156,0,276
2023-09-13 00:00:00+00:00,0,0,0,0,0,0,0,0,0,0,0,393,0,0,0,0,0,0,0,78,92,0,0,2079,0,0,208,339,12440,154,42,122,0,282
2023-09-14 00:00:00+00:00,0,0,0,0,0,0,0,0,0,0,0,411,0,0,0,1,0,0,0,150,12,0,0,2548,0,0,202,121,15421,87,45,134,0,238
2023-09-15 00:00:00+00:00,0,0,0,0,0,0,0,0,0,0,0,203,0,0,0,0,0,0,0,213,19,0,0,3748,9,0,0,111,12999,22,2,33,0,241
2023-09-16 00:00:00+00:00,0,0,0,0,0,0,0,0,0,0,0,174,0,0,0,0,0,0,0,329,35,0,0,1934,2,0,0,158,9611,43,50,70,0,0
2023-09-17 00:00:00+00:00,0,0,0,0,0,0,0,0,0,0,0,38,0,0,0,1,0,0,0,169,80,0,0,3967,7,0,0,213,8259,70,55,74,0,618
2023-09-18 00:00:00+00:00,0,0,0,0,0,0,0,0,0,0,0,159,0,0,0,35,0,0,0,79,23,0,0,3218,3,0,0,74,11581,79,32,90,0,70
2023-09-19 00:00:00+00:00,0,0,0,0,0,0,0,0,0,0,0,44,0,0,0,0,0,0,0,274,32,0,0,3411,15,0,205,260,15302,86,105,31,0,115
2023-09-20 00:00:00+00:00,0,0,0,0,0,0,0,0,0,0,0,33,0,0,0,0,0,0,0,104,32,0,0,4214,13,0,185,469,11128,18,74,114,0,253
2023-09-21 00:00:00+00:00,0,0,0,0,0,0,0,0,0,0,0,11,0,0,0,0,0,0,0,105,18,0,0,2235,7,0,165,228,10199,27,0,68,0,135
2023-09-22 00:00:00+00:00,0,0,0,0,0,0,0,0,0,0,0,50,0,0,0,6,0,0,0,190,2,0,0,3190,4,0,180,383,9622,145,52,151,0,154
2023-09-23 00:00:00+00:00,0,0,0,0,0,0,0,0,0,0,0,70,0,0,0,23,0,0,0,206,0,0,0,2698,19,0,159,370,9336,27,1,25,0,139
2023-09-24 00:00:00+00:00,0,0,0,0,0,0,0,0,0,0,0,8,0,0,0,17,0,0,0,93,0,0,0,3003,4,0,242,55,10260,75,58,1,0,0
2023-09-25 00:00:00+00:00,0,0,0,0,0,0,0,0,0,0,0,67,0,0,0,2,0,0,0,237,0,0,0,1941,17,0,127,186,9850,39,23,47,0,0
2023-09-26 00:00:00+00:00,0,0,0,0,0,0,0,0,0,0,0,279,0,0,0,7,0,0,0,265,0,0,0,4991,3,0,329,245,14083,100,0,102,0,332
2023-09-27 00:00:00+00:00,0,0,0,0,0,0,0,0,0,0,0,0,0,0,0,0,0,0,0,137,0,0,0,2724,3,0,0,126,9390,62,25,104,0,0
2023-09-28 00:00:00+00:00,0,0,0,0,0,0,0,0,0,0,0,0,0,0,0,0,0,0,0,223,0,0,0,3125,3,0,0,151,10365,79,10,61,0,144
2023-09-29 00:00:00+00:00,0,0,0,0,0,0,0,0,0,0,0,0,0,0,0,0,0,0,0,150,0,0,0,3429,0,0,0,41,9216,43,24,39,0,0
2023-09-30 00:00:00+00:00,0,0,0,0,0,0,0,0,0,0,0,12,0,0,0,9,0,0,0,84,0,0,0,2915,4,0,0,59,8467,44,7,75,0,0
2023-10-01 00:00:00+00:00,0,0,0,0,0,0,0,0,0,0,0,0,0,0,0,0,0,0,0,67,0,0,0,2882,8,0,0,104,9293,68,14,93,0,0
2023-10-02 00:00:00+00:00,0,0,0,0,0,0,0,0,0,0,0,0,0,0,0,10,0,0,0,161,0,0,0,4094,0,0,0,77,9478,20,14,137,0,0
2023-10-03 00:00:00+00:00,0,0,0,0,0,0,0,0,0,0,0,0,0,0,0,2,0,0,0,34,0,0,0,2488,11,0,0,416,9416,99,42,18,0,0
2023-10-04 00:00:00+00:00,0,0,0,0,0,0,0,0,0,0,0,0,0,0,0,0,0,0,0,67,0,0,0,2057,3,0,0,75,11569,115,9,48,0,0
2023-10-05 00:00:00+00:00,0,0,0,0,0,0,0,0,0,0,0,0,0,0,0,0,0,0,0,260,0,0,0,2519,0,0,0,206,10116,103,14,76,0,0
2023-10-06 00:00:00+00:00,0,0,0,0,0,0,0,0,0,0,0,0,0,0,0,0,0,0,0,44,0,0,0,3891,0,0,0,385,9375,94,0,38,0,196
2023-10-07 00:00:00+00:00,0,0,0,0,0,0,0,0,0,0,0,0,0,0,0,3,0,0,0,295,0,0,0,3828,5,0,0,224,9199,84,5,48,0,137
2023-10-08 00:00:00+00:00,0,0,0,0,0,0,0,0,0,0,0,0,0,0,0,0,0,0,0,121,0,0,0,2754,3,0,0,139,7156,57,38,67,0,146
2023-10-09 00:00:00+00:00,0,0,0,0,0,0,0,0,0,0,0,0,0,0,0,0,0,0,0,693,0,0,0,4635,0,0,0,111,10688,81,36,16,0,0
2023-10-10 00:00:00+00:00,0,0,0,0,0,0,0,0,0,0,0,0,0,0,0,0,0,0,0,489,7,0,0,2561,0,0,0,401,11674,11,2,72,0,224
2023-10-11 00:00:00+00:00,0,0,0,0,0,0,0,0,0,0,0,0,0,0,0,0,0,0,0,298,11,0,0,5113,4,0,0,132,9876,59,43,147,0,506
2023-10-12 00:00:00+00:00,0,0,0,0,0,0,0,0,0,0,0,0,0,0,0,0,0,0,0,461,3,0,0,3980,49,0,0,130,7385,43,32,89,0,0
2023-10-13 00:00:00+00:00,0,0,0,0,0,0,0,0,0,0,0,0,0,0,0,14,0,0,0,417,8,0,0,2425,0,0,0,24,8192,125,44,22,0,0
2023-10-14 00:00:00+00:00,0,0,0,0,0,0,0,0,0,0,0,0,0,0,0,0,0,0,0,421,4,0,0,3525,4,0,0,81,7388,36,2,154,0,0
2023-10-15 00:00:00+00:00,0,0,0,0,0,0,0,0,0,0,0,0,0,0,0,2,0,0,0,1097,0,0,0,3539,1,0,0,60,8942,236,16,66,0,0
2023-10-16 00:00:00+00:00,0,0,0,0,0,0,0,0,0,0,0,0,0,0,0,3,0,0,0,1449,0,0,0,5457,52,0,0,259,7833,97,3,13,0,196
2023-10-17 00:00:00+00:00,0,0,0,0,0,0,0,0,0,0,0,0,0,0,0,0,0,0,0,1229,0,0,0,3470,4,0,0,328,8680,141,7,43,0,0
2023-10-18 00:00:00+00:00,0,0,0,0,0,0,0,0,0,0,0,0,0,0,0,22,0,0,0,311,0,0,0,5726,3,0,0,344,12275,109,17,135,0,0
2023-10-19 00:00:00+00:00,0,0,0,0,0,0,0,0,0,0,0,0,0,0,0,14,0,0,0,547,0,0,0,4680,0,0,0,200,12105,64,14,108,0,0
2023-10-20 00:00:00+00:00,0,0,0,0,0,0,0,0,0,0,0,0,0,0,0,6,0,0,0,901,0,0,0,3736,4,0,0,313,9457,94,31,35,0,0
2023-10-21 00:00:00+00:00,0,0,0,0,0,0,0,0,0,0,0,0,0,0,0,2,0,0,0,416,0,0,0,3690,8,0,0,283,6970,87,38,60,0,0
2023-10-22 00:00:00+00:00,0,0,0,0,0,0,0,0,0,0,0,0,0,0,0,1,0,0,0,296,0,0,0,3314,0,0,229,211,9282,123,21,29,0,0
2023-10-23 00:00:00+00:00,0,0,0,0,0,0,0,0,0,0,0,0,0,0,0,0,0,0,0,934,0,0,0,3203,3,0,227,634,12887,135,21,20,0,167
2023-10-24 00:00:00+00:00,0,0,0,0,0,0,0,0,0,0,0,0,0,0,0,0,0,0,0,1304,0,0,0,3675,16,0,219,584,12004,215,1,127,0,103
2023-10-25 00:00:00+00:00,0,0,0,0,0,0,0,0,0,0,0,0,0,0,0,0,0,0,0,1658,18,0,0,3874,14,0,188,274,14634,48,12,103,0,175
2023-10-26 00:00:00+00:00,0,0,0,0,0,0,0,0,0,0,0,0,0,0,0,0,0,0,0,2291,0,0,0,5365,12,0,220,335,10628,47,27,90,0,542
2023-10-27 00:00:00+00:00,0,0,0,0,0,0,0,0,0,0,0,0,0,0,0,0,0,0,0,2173,0,0,0,5495,19,0,162,158,12974,112,38,17,0,352
2023-10-28 00:00:00+00:00,0,0,0,0,0,0,0,0,0,0,0,0,0,0,0,2,0,0,0,1890,0,0,0,3608,12,0,156,82,8596,140,14,84,0,411
2023-10-29 00:00:00+00:00,0,0,0,0,0,0,0,0,0,0,0,0,0,0,0,4,0,0,0,3581,0,0,0,2055,1,0,0,71,11940,73,47,132,0,144
2023-10-30 00:00:00+00:00,0,0,0,0,0,0,0,0,0,0,0,0,0,0,0,60,0,0,0,1422,0,0,0,4148,8,0,231,114,11084,56,13,69,0,27
2023-10-31 00:00:00+00:00,0,0,0,0,0,0,0,0,0,0,0,0,0,0,0,3,0,0,0,2114,0,0,0,4846,1,0,196,98,12662,375,53,124,0,340
2023-11-01 00:00:00+00:00,0,0,0,0,0,0,0,0,0,0,0,0,0,0,0,6,0,0,0,1164,0,0,0,4441,11,0,190,127,12102,134,29,156,0,0
2023-11-02 00:00:00+00:00,0,0,0,0,0,0,0,0,0,0,0,0,0,0,0,4,0,0,0,2142,0,0,0,2669,7,0,324,69,14786,140,4,163,0,0
2023-11-03 00:00:00+00:00,0,0,0,0,0,0,0,0,0,0,0,0,0,0,0,0,0,0,0,1437,6,0,0,3485,2,0,0,74,11903,44,11,69,0,0
2023-11-04 00:00:00+00:00,0,0,0,0,0,0,0,0,0,0,0,0,0,0,0,0,0,0,0,2135,0,0,0,2570,2,0,0,100,9878,19,4,151,0,136
2023-11-05 00:00:00+00:00,0,0,0,0,0,0,0,0,0,0,0,0,0,0,0,2,0,0,0,1882,0,0,0,1720,1,0,223,121,14772,68,13,81,0,0
2023-11-06 00:00:00+00:00,0,0,0,0,0,0,0,0,0,0,0,0,0,0,0,1,0,0,0,185,0,0,0,4397,0,0,0,485,13678,44,23,103,0,111
2023-11-07 00:00:00+00:00,0,0,0,0,0,0,0,0,0,0,0,0,0,0,0,9,0,0,0,800,0,0,0,4426,4,0,0,183,9460,152,5,74,0,0
2023-11-08 00:00:00+00:00,0,0,0,0,0,0,0,0,0,0,0,0,0,0,0,3,0,0,0,288,7,0,0,4910,22,0,0,347,11650,157,2,134,0,0
2023-11-09 00:00:00+00:00,0,0,0,0,0,0,0,0,0,0,0,0,0,0,0,5,0,0,0,702,0,0,0,4930,9,0,0,341,10602,92,2,108,0,0
2023-11-10 00:00:00+00:00,0,0,0,0,0,0,0,0,0,0,0,0,0,0,0,1,0,0,0,1424,1,0,0,4594,6,0,0,594,12953,17,8,108,0,886
2023-11-11 00:00:00+00:00,0,0,0,0,0,0,0,0,0,0,0,0,0,0,0,0,0,0,0,1097,1,0,0,5811,69,0,0,193,12266,38,2,122,0,0
2023-11-12 00:00:00+00:00,0,0,0,0,0,0,0,0,0,0,0,0,0,0,0,0,0,0,0,818,0,0,0,3782,44,0,0,769,11340,54,0,86,0,0
2023-11-13 00:00:00+00:00,0,0,0,0,0,0,0,0,0,0,0,0,0,0,0,0,0,0,0,1542,0,0,0,3843,0,0,0,218,18144,215,13,72,0,0
2023-11-14 00:00:00+00:00,0,0,0,0,0,0,0,0,0,0,0,0,0,0,0,1,0,291,0,951,0,0,0,4743,5,0,0,592,17753,76,5,91,0,290
2023-11-15 00:00:00+00:00,0,0,0,0,0,0,0,0,0,0,0,0,0,0,0,2,0,16,0,802,0,0,0,5177,10,0,0,627,12701,110,21,84,0,0
2023-11-16 00:00:00+00:00,0,0,0,0,0,0,0,0,0,0,0,0,0,0,0,2,0,39,0,759,0,0,0,3165,0,0,0,552,13355,28,1,91,0,0
2023-11-17 00:00:00+00:00,0,0,0,0,0,0,0,0,0,0,0,0,0,0,0,1,0,135,0,1356,0,0,0,3141,0,0,0,290,15869,35,0,117,0,0
2023-11-18 00:00:00+00:00,0,0,0,0,0,0,0,0,0,0,0,0,0,0,0,0,0,45,0,979,0,0,0,2746,7,0,0,260,8627,38,5,188,0,0
2023-11-19 00:00:00+00:00,0,0,0,0,0,0,0,0,0,0,0,0,0,0,0,4,0,54,0,919,0,0,0,3409,12,0,0,123,10206,89,34,73,0,92
2023-11-20 00:00:00+00:00,0,0,0,0,0,0,0,0,0,0,0,0,0,0,0,0,0,19,0,942,0,0,0,3858,0,0,0,63,12429,91,41,194,0,35
2023-11-21 00:00:00+00:00,0,0,0,0,0,0,0,0,0,0,0,0,0,0,0,0,0,37,0,1150,0,0,0,3003,0,0,0,115,11727,48,1,109,0,0
2023-11-22 00:00:00+00:00,0,0,0,0,0,0,0,0,0,0,0,0,0,0,0,3,0,3,0,1899,0,0,0,2077,1,0,0,86,14331,40,7,105,0,0
2023-11-23 00:00:00+00:00,0,0,0,0,0,0,0,0,0,0,0,0,0,0,0,1,0,9,0,1825,0,0,0,1350,0,0,0,138,14604,109,63,81,0,0
2023-11-24 00:00:00+00:00,0,0,0,0,0,0,0,0,0,0,0,0,0,0,0,0,0,8,0,1337,0,0,0,4131,2,0,0,128,15865,122,78,143,0,0
2023-11-25 00:00:00+00:00,0,0,0,0,0,0,0,0,0,0,0,0,0,0,0,1,0,5,0,746,19,0,0,2705,12,0,0,355,16282,35,0,76,0,0
2023-11-26 00:00:00+00:00,0,0,0,0,0,0,0,0,0,0,0,0,0,0,0,0,0,14,0,1141,0,0,0,3304,103,0,0,202,15387,36,28,122,0,322
2023-11-27 00:00:00+00:00,0,0,0,0,0,0,0,0,0,0,0,0,0,0,0,7,0,28,0,1914,1,0,0,4748,4,0,296,1023,20094,96,2,48,1779,88
2023-11-28 00:00:00+00:00,0,0,0,0,0,0,0,0,0,0,0,0,2341,0,0,0,0,5,0,2030,0,0,0,2898,22,0,184,152,17547,113,18,223,2433,353
2023-11-29 00:00:00+00:00,0,0,0,0,0,0,0,0,0,0,0,0,1023,0,0,0,0,33,0,834,0,0,0,4295,0,0,162,174,16225,110,23,111,1616,496
2023-11-30 00:00:00+00:00,0,0,0,0,0,0,0,0,0,0,0,0,948,0,0,0,0,91,0,624,0,0,0,2384,7,0,171,197,18017,184,7,278,1064,423
2023-12-01 00:00:00+00:00,0,0,0,0,0,0,0,0,0,0,0,0,1436,0,0,0,0,9,0,579,0,0,0,3088,2,0,203,309,13766,297,12,351,1282,441
2023-12-02 00:00:00+00:00,0,0,0,0,0,0,0,0,0,0,0,0,722,0,0,0,0,13,0,1404,0,0,0,3374,2,0,0,119,16541,147,16,165,2085,610
2023-12-03 00:00:00+00:00,0,0,0,0,0,0,0,0,0,0,0,0,0,0,0,0,0,75,0,901,0,0,0,3867,0,0,0,82,16727,88,8,157,954,462
2023-12-04 00:00:00+00:00,0,0,0,0,0,0,0,0,0,0,0,0,0,0,0,0,0,24,0,591,0,0,0,3449,2,3737,0,1214,20648,267,3,299,348,833
2023-12-05 00:00:00+00:00,0,0,0,0,0,0,0,0,0,0,0,0,0,0,0,0,0,49,0,466,0,0,0,4198,0,0,0,244,16659,89,35,239,250,884
2023-12-06 00:00:00+00:00,0,0,0,0,0,0,0,0,0,0,0,0,0,0,0,0,0,43,0,696,0,0,0,4894,0,0,0,156,15081,78,14,296,458,642
2023-12-07 00:00:00+00:00,0,0,0,0,0,0,0,0,0,0,0,0,0,0,0,0,0,12,0,1799,0,0,0,3358,0,0,270,239,20789,252,10,405,1504,1742
2023-12-08 00:00:00+00:00,0,0,0,0,0,0,0,0,0,0,0,0,0,0,0,0,0,115,0,1488,0,0,0,4428,2,0,0,790,32256,126,0,158,287,191
2023-12-09 00:00:00+00:00,0,0,0,0,0,0,0,0,0,0,0,0,0,0,0,3,0,8,0,2495,0,0,0,2257,0,0,0,274,15502,158,21,182,115,271
2023-12-10 00:00:00+00:00,0,0,0,0,0,0,0,0,0,0,0,0,0,0,0,0,0,63,0,1597,0,0,0,2149,0,0,0,239,13592,118,7,91,202,308
2023-12-11 00:00:00+00:00,0,0,0,0,0,0,0,0,0,0,0,0,0,0,0,0,0,12,0,1915,0,0,0,3041,7,0,0,1027,13696,212,26,213,324,418
2023-12-12 00:00:00+00:00,0,0,0,0,0,0,0,0,0,0,0,0,0,0,0,3,0,9,0,468,0,0,0,5159,0,0,0,868,16709,132,31,212,331,368
2023-12-13 00:00:00+00:00,0,0,0,0,0,0,0,0,0,0,0,0,0,0,0,3,0,9,0,497,0,0,0,4752,0,0,0,426,13814,423,3,74,48,0
2023-12-14 00:00:00+00:00,0,0,0,0,0,0,0,0,0,0,0,0,0,0,0,0,0,6,0,124,0,0,0,4103,0,0,0,234,15727,164,53,116,9,0
2023-12-15 00:00:00+00:00,0,0,0,0,0,0,0,0,0,0,0,0,0,0,0,10,0,0,0,1020,0,0,0,6368,3,0,0,494,15116,154,3,86,131,391
2023-12-16 00:00:00+00:00,0,0,0,0,0,0,0,0,0,0,0,0,0,0,0,3,0,0,0,361,0,0,0,2573,4,0,0,312,9857,44,22,186,102,190
2023-12-17 00:00:00+00:00,0,0,0,0,0,0,0,0,0,0,0,0,0,0,0,1,0,17,0,917,0,0,0,3764,0,0,0,214,10537,90,23,119,130,0
2023-12-18 00:00:00+00:00,0,0,0,0,0,0,0,0,0,0,0,0,0,0,0,19,0,31,0,1415,0,0,0,4948,0,0,0,204,12210,59,0,208,153,366
2023-12-19 00:00:00+00:00,0,0,0,0,0,0,0,0,0,0,0,0,0,0,0,2,0,17,0,1404,0,0,0,3628,6,0,0,185,11300,157,0,140,184,51
2023-12-20 00:00:00+00:00,0,0,0,0,0,0,0,0,0,0,0,0,0,0,0,1,0,0,0,2081,0,0,0,3730,0,0,0,237,11426,158,0,91,55,0
2023-12-21 00:00:00+00:00,0,0,0,0,0,0,0,0,0,0,0,0,0,0,0,2,0,12,0,1424,0,0,0,5480,1,0,0,632,14350,80,6,136,88,0
2023-12-22 00:00:00+00:00,0,0,0,0,0,0,0,0,0,0,0,0,0,0,0,2,0,49,0,630,0,0,0,3919,3,0,0,411,14746,108,11,136,58,0
2023-12-23 00:00:00+00:00,0,0,0,0,0,0,0,0,0,0,0,0,0,0,0,4,0,18,0,1031,0,0,0,5037,0,0,0,151,12930,186,11,139,69,0
2023-12-24 00:00:00+00:00,0,0,0,0,0,0,0,0,0,0,0,0,0,0,0,13,0,7,0,1254,0,0,0,4046,0,0,0,222,12734,277,15,58,295,0
2023-12-25 00:00:00+00:00,0,0,0,0,0,0,0,0,0,0,0,0,0,0,0,0,0,0,0,1325,0,0,0,4510,0,0,0,118,11191,313,27,91,187,0
2023-12-26 00:00:00+00:00,0,0,0,0,0,0,0,0,0,0,0,0,0,0,0,0,0,0,0,1164,0,0,0,4006,0,0,0,174,12493,143,0,35,133,0
2023-12-27 00:00:00+00:00,0,0,0,0,0,0,0,0,0,0,0,0,0,0,0,0,0,5,0,2005,0,0,0,6993,0,0,0,69,10398,103,21,146,199,57
2023-12-28 00:00:00+00:00,0,0,0,0,0,0,0,0,0,0,0,0,0,0,0,0,0,10,0,2483,0,0,0,5331,0,0,0,47,14606,76,0,107,443,89
2023-12-29 00:00:00+00:00,0,0,0,0,0,0,0,0,0,0,0,0,0,0,0,0,0,31,0,1396,0,0,0,5472,0,0,511,68,25948,255,0,245,2785,951
2023-12-30 00:00:00+00:00,0,0,0,0,0,0,0,0,0,0,0,0,0,0,0,0,0,62,0,872,0,0,0,4986,3,0,0,149,17351,106,0,310,1722,783
2023-12-31 00:00:00+00:00,0,0,0,0,0,0,0,0,0,0,0,0,0,0,0,0,0,0,0,0,0,0,0,0,0,0,0,0,0,0,0,0,0,0
